Track URI,Track Name,Album Name,Artist Name(s),Release Date,Duration (ms),Popularity,Explicit,Added By,Added At,Genres,Record Label,Danceability,Energy,Key,Loudness,Mode,Speechiness,Acousticness,Instrumentalness,Liveness,Valence,Tempo,Time Signature
spotify:track:3bcuH7YmQZOQF9yLjj4QRt,"The American Dream","Road Through Hell","The Federal Empire",2020-03-25,185800,47,false,,2026-09-28T12:52:26Z,"","Sumerian Records",0.345,0.81,6,-2.777,0,0.0782,0.311,0,0.545,0.551,171.988,4
spotify:track:4W3pG1ichUesQcocBAGBVX,"Bloody Mary (Dance With My Hands)","Bloody Mary (Dance With My Hands)","Arankai",2023-01-24,187499,42,false,,2026-08-18T09:34:44Z,"","iamarankai",0.556,0.862,1,-5.968,1,0.0505,0.00659,0,0.0231,0.518,128.087,4
spotify:track:6va2ghjexIMc7BkL1BYfA1,"Blue Bannana Peel","Blue Banana Peel","MYTCH",2022-02-24,175354,37,false,,2026-08-17T11:30:16Z,"дарк-R&B","Credential Recordings (CRE)",0.551,0.943,7,-1.518,0,0.108,0.0163,0,0.514,0.629,154.896,4
spotify:track:7ueP5u2qkdZbIPN2YA6LR0,"Sail","Megalithic Symphony","AWOLNATION",2011-03-15,259093,77,false,,2026-08-14T17:03:21Z,"","Red Bull Records",0.826,0.436,1,-9.583,1,0.0558,0.441,0.615,0.0964,0.272,119.051,4
spotify:track:4SNtyKNyYJ8ERT7YLlnFBr,"So Young","Woodstock","Portugal. The Man",2017-06-16,246480,69,false,,2026-08-12T21:03:10Z,"","Atlantic Records",0.671,0.445,4,-7.842,0,0.0291,0.348,0.0000593,0.155,0.811,75.996,4
spotify:track:16tu4ULiV96ctAVjZ4o22v,"Anxiety","Anxiety / Making Miseries","Letdown.",2024-01-05,175102,40,false,,2026-08-09T22:28:06Z,"","Big Loud",0.515,0.798,7,-5.682,1,0.0839,0.0875,0,0.219,0.537,147.053,3
spotify:track:1ZbtwhtxORZcaSh5VKjeXJ,"Не лякай","Не лякай","OSTY;Klavdia Petrivna",2024-09-06,174500,57,false,,2026-08-08T10:51:58Z,"","2024 Nebo Music",0.613,0.597,2,-5.527,0,0.0256,0.385,0.0000402,0.105,0.264,85.931,4
spotify:track:2HSV4PUmsNv6uqiqCOlA1g,"сто зі ста","сто зі ста","ENLEO",2026-07-22,133988,29,false,,2026-08-07T21:09:15Z,"","PAPA MUSIC",0.693,0.564,7,-6.571,1,0.0403,0.0237,0,0.232,0.699,89.035,4
spotify:track:5knXUTpU08RXG6QD0DvONV,"Dior","Dior","LOVIXX",2026-06-05,147697,63,false,,2026-08-02T08:56:34Z,"","LOVIXX",0.749,0.395,6,-13.262,1,0.103,0.0045,0.00000421,0.0953,0.341,178.664,4
spotify:track:3USyqmKzvBwF5s0trEmO7Y,"Don't tell your dreams","Don't tell your dreams","STOSLIV;LOVIXX",2026-06-17,141040,80,false,,2026-08-02T08:55:49Z,"","LOVIXX",0.685,0.271,1,-12.307,0,0.482,0.309,0,0.115,0.305,131.994,4
spotify:track:3yP1J5mOJ8MvifFoNjA3Lx,"Taste It","American Radio","Modern Alibi",2025-04-04,170277,59,false,,2026-07-28T19:33:15Z,"","Modern Alibi",0.568,0.879,2,-6.187,0,0.0695,0.000362,0,0.0648,0.592,145.003,4
spotify:track:71SKmCA5HAhjkwjOBHRIGZ,"The Scandinavian Dream","Destroy The Art","Self Deception",2024-10-25,211555,50,false,,2026-07-27T10:47:35Z,"","SELF DECEPTION AB",0.276,0.935,10,-6.119,0,0.084,0.000536,0.0000239,0.0913,0.522,101.274,1
spotify:track:6jSHPK4JxqrSddID37uJLt,"Echo (Ready for War)","Echo (Ready for War)","Autumn Kings",2020-01-17,200131,55,false,,2026-07-26T17:31:11Z,"","Autumn Kings",0.52,0.931,4,-4.544,0,0.0488,0.0255,0.0000254,0.25,0.563,163.993,4
spotify:track:5bNgRiBa3545I8tcn1v6XV,"Копы","Дом на колёсах, Ч. 1","Грибы;Sимптом",2016-11-11,147422,60,true,,2026-07-14T14:21:47Z,"","PAPA MUSIC",0.837,0.744,9,-6.947,1,0.126,0.00943,0.0018,0.168,0.716,114.892,4
spotify:track:4kL669ymn0cpkHDhuCrybT,"_hope is a cult_","Hope is a Cult","Solence",2023-02-17,60964,20,false,,2026-07-13T13:53:11Z,"","Hopeless Records",0.596,0.142,1,-17.063,0,0.084,0.785,0.918,0.107,0.527,159.08,4
spotify:track:0q2Q3YPiI8zbfLoLJ4pf8A,"Monsters In My Head","ANGELS CALLING","Solence",2025-10-31,179822,49,true,,2026-07-13T12:51:06Z,"","Better Noise Music",0.39,0.969,1,-4.325,0,0.186,0.000205,0.00325,0.149,0.468,143.299,4
spotify:track:75qezFTBIjU7OkoWGeD10Z,"Good F**King Music","Deafening","Solence",2021-09-10,206433,65,true,,2026-07-13T12:04:00Z,"","Solence",0.507,0.723,8,-5.747,1,0.175,0.00831,0,0.195,0.706,142.935,4
spotify:track:6s0TiaNanL3075RgjyfixM,"Black Sheep","Voices","The People's Thieves",2017-07-20,268040,24,false,,2026-07-09T19:15:47Z,"","Duetti",0.536,0.759,9,-7.73,0,0.166,0.205,0.000146,0.343,0.202,169.986,3
spotify:track:7lKJKhmWiSJIH8f8rIOyFr,"On We're Gone...","CHERRY","LaLion",2025-09-17,219057,39,true,,2026-07-08T10:31:49Z,"","LaLion",0.573,0.745,11,-6.479,0,0.0346,0.0942,0,0.103,0.563,146.02,4
spotify:track:4oBfccZ761kSNhFQsjOv5Y,"Out of My Mind","Out of My Mind","Gentrammel",2020-06-10,173846,63,true,,2026-07-07T18:48:33Z,"","Duetti",0.6,0.609,9,-7.198,1,0.0424,0.669,0,0.612,0.666,77.974,4
spotify:track:5ZSKZ0wMdlMi4bQ3XZXXsp,"Stick Up","a modern tragedy vol. 1","grandson",2018-06-15,222560,52,false,,2026-07-07T11:58:53Z,"","Fueled By Ramen",0.31,0.932,11,-4.764,0,0.262,0.000261,0.00000371,0.349,0.304,135.944,4
spotify:track:6bvDI4KE66mLTYtNpASYpJ,"CHAINS ON ME","CHAINS ON ME","LaLion",2025-02-20,144166,48,false,,2026-07-06T16:21:53Z,"","LaLion",0.619,0.628,9,-7.086,0,0.0247,0.0105,0,0.56,0.414,97.455,4
spotify:track:3993npBWn14PdZJvOZQTUL,"Unc","Unc","Kyle Exum",2025-12-05,138000,42,false,,2026-06-27T16:59:10Z,"","Kyle Exum LLC",0.905,0.808,7,-3.579,1,0.177,0.147,0.0000313,0.0494,0.747,99.985,4
spotify:track:20kRhsDMrCzyXC2lhFqEcC,"Bassthoven","Bassthoven","Kyle Exum;Shawn Wasabi",2020-06-01,127570,49,false,,2026-06-27T16:49:56Z,"","Kyle Exum",0.801,0.708,9,-5.572,1,0.287,0.0965,0,0.0692,0.944,160.086,4
spotify:track:6pEoUD4yhrHO3DThnb8lg4,"Devil","Devil","LOWBORN",2021-04-16,162000,53,false,,2026-06-24T14:41:47Z,"","Nettwerk Music Group",0.749,0.632,1,-5.688,1,0.0565,0.198,0,0.0634,0.589,119.95,4
spotify:track:4OAHJ3AUGxyj5meL7DoNt8,"I'm Alive","I'm Alive","Radio Flower",2021-08-13,186483,38,true,,2026-06-24T12:21:51Z,"","Radio Flower LLC",0.587,0.762,4,-5.232,0,0.0426,0.0063,0,0.212,0.374,94.984,4
spotify:track:4IzSExwqQt5GN1SVKyuUY0,"Echo","Echo","Unroyal",2024-02-23,173466,58,false,,2026-06-19T15:49:51Z,"","Range Music Partners, LLC",0.705,0.856,1,-3.669,0,0.0324,0.0129,0.0000594,0.212,0.858,90.025,4
spotify:track:5YVhZTfebmIPHZWxEEP2mL,"limelight","limelight","znels",2023-09-22,180000,35,false,,2026-06-19T13:03:10Z,"","5861091 Records DK2",0.55,0.699,9,-7.034,1,0.0969,0.0188,0,0.0607,0.265,183.842,4
spotify:track:0jsOE7D9ldzL5JAmB1P37x,"MONEY ON THE DASH - Bass Boosted","MONEY ON THE DASH (Bass Boosted)","BASS DEMON;Mr Demon",2025-04-16,112692,8,false,,2026-06-12T15:25:02Z,"гипертехно,афро-хаус,техно,текно,хард-техно","Mr Demon",0.681,0.658,1,-9.969,1,0.076,0.249,0.0000057,0.181,0.225,148.22,4
spotify:track:1sG4bRpRDtLyjbgePgmiMX,"+1","+1","Zaug",2026-03-13,139714,40,true,,2026-06-11T18:58:59Z,"","CloudKid",0.593,0.866,6,-5.458,1,0.0611,0.0106,0.00000238,0.0608,0.258,139.995,4
spotify:track:2LzWxpI6u6JhYOBswzX5RE,"hide and seek.","hide and seek.","In Waves;Jeremy Amato",2026-03-06,178206,38,true,,2026-06-11T15:57:53Z,"","CloudKid",0.65,0.706,6,-7.88,0,0.0581,0.0799,0,0.0762,0.726,92.005,4
spotify:track:3logNIIMhLuY9A70jyChjD,"Gravedigger","Gravedigger","Livingston",2024-07-26,164029,54,false,,2026-06-07T16:31:12Z,"","Big Up Entertainment/Livingston",0.649,0.854,2,-1.237,0,0.126,0.251,0,0.203,0.632,130.081,4
spotify:track:7joWIu09SCxv8TLC2jkf9s,"Surprise!","A Hometown Odyssey (The Story Continues)","Livingston",2025-03-07,145000,30,false,,2026-06-07T15:11:27Z,"","Big Up Entertainment/Livingston",0.743,0.767,0,-4.142,1,0.332,0.04,0,0.786,0.686,143.988,4
spotify:track:4ERpdHuiEsJjc8DsDXH5AW,"Fuck You Call Me","Fuck You Call Me","Huxlxy",2021-12-03,190344,36,true,,2026-06-04T14:05:32Z,"","AntiFragile Music",0.543,0.466,3,-7.341,0,0.127,0.544,0,0.133,0.456,174.09,3
spotify:track:78TrqUtli5Jz7ZEa6YwGK7,"Menace","Menace","Zaug;SlidV",2023-06-25,149787,33,false,,2026-06-03T17:32:35Z,"","Common Sense Music",0.491,0.491,2,-8.361,0,0.0397,0.102,0,0.171,0.396,140.635,4
spotify:track:3vJtBNvK8CMIJp8i4u6iQY,"imposter","imposter","angelbaby;VOILÀ",2025-03-07,148235,48,false,,2026-06-03T14:14:18Z,"","Hume Collective",0.669,0.802,8,-5.288,0,0.0767,0.413,0,0.102,0.334,85.131,4
spotify:track:4xTgbiXPiMy4u4veI4j9tk,"Shadow","A Hometown Odyssey","Livingston",2024-03-08,157714,69,false,,2026-06-01T22:35:49Z,"","Big Up Entertainment/Livingston",0.737,0.701,2,-4.44,1,0.0929,0.101,0,0.0643,0.619,140.055,4
spotify:track:0NocXhLse2zE02iHg5q3eu,"Surprise!","A Hometown Odyssey","Livingston",2024-03-08,145000,50,false,,2026-06-01T22:34:21Z,"","Big Up Entertainment/Livingston",0.742,0.775,0,-4.218,1,0.335,0.0368,0,0.784,0.655,143.983,4
spotify:track:0BhDVc4dmJIDohcrHLv5KR,"WDHTH","WDHTH","MYTCH",2023-03-03,148615,45,false,,2026-05-28T12:02:03Z,"дарк-R&B","Credential Recordings (CRE)",0.457,0.866,7,-3.067,0,0.0845,0.0655,0,0.359,0.381,166.098,4
spotify:track:6JKTfaEalT0mxBbd5D880n,"Decorate","Decorate","MYTCH",2025-01-31,210740,46,false,,2026-05-28T07:41:59Z,"дарк-R&B","Credential Recordings (CRE)",0.506,0.918,3,-1.867,0,0.0916,0.0987,0,0.16,0.343,130.064,4
spotify:track:6MYZ8x04XIEdFNg3rKAD5v,"Poison or Patience (feat. OSTON)","I LOVE YOU, ROBOT SUPERSTAR!","Friday Pilots Club;OSTON",2022-10-27,177213,46,true,,2026-05-27T07:51:33Z,"","Friday Pilots Club",0.455,0.784,7,-6.139,1,0.234,0.00266,0,0.114,0.529,175.782,4
spotify:track:1HyqfzrajIHqtLuLah60zy,"No Rival","No Rival","Egzod;Maestro Chives;Alaina Cross",2022-04-29,198093,58,false,,2026-05-23T11:50:28Z,"","NCS",0.381,0.737,11,-5.348,0,0.0567,0.0451,0,0.121,0.458,160.118,4
spotify:track:4zMYxKnm4qpI0F5Na4R2Tv,"FURYON","FURYON","Sān-Z;HOYO-MiX;Alaina Cross",2025-09-19,196000,53,false,,2026-05-23T11:50:27Z,"саундтреки","miHoYo",0.74,0.8,1,-4.199,1,0.0478,0.00286,0.0000945,0.4,0.434,107.003,4
spotify:track:2JnJai4gCvKxO3pEHVzkkx,"saying a lot","a whole lot of overthinking (archives)","Jean Castel",2025-03-07,181153,39,false,,2026-05-21T12:29:03Z,"","Jean Castel",0.506,0.785,3,-4.362,0,0.0482,0.488,0,0.0785,0.465,104.125,3
spotify:track:3bhak9Z4Wg0n0t79KLkjux,"33","a whole lot of overthinking (archives)","Jean Castel;NASAYA",2025-03-07,136061,37,false,,2026-05-20T06:02:22Z,"статтер-хаус","Jean Castel",0.775,0.696,11,-5.963,0,0.0429,0.0846,0.000016,0.11,0.55,112.98,4
spotify:track:6rIIgS3ITDQ1TVSWKWiu0A,"BLACK WIDOW","BLACK WIDOW","Poe the Passenger",2026-02-11,150653,36,false,,2026-05-17T18:55:55Z,"","Poe the Passenger",0.674,0.886,11,-1.642,0,0.0642,0.0923,0,0.0652,0.671,126.063,4
spotify:track:0qEIMgpndLjLQ8BntfYZ5H,"Put In The Time","Put In The Time","Future Royalty",2021-08-17,209230,43,false,,2026-05-14T06:15:18Z,"","Snafu Records",0.5,0.832,5,-7.553,0,0.111,0.352,0.0000701,0.103,0.614,156.06,4
spotify:track:5X7RNmXMgiWz4jj6bLwAG6,"No one better","No one better","Anya Nami",2024-10-04,142588,56,false,,2026-05-13T06:01:04Z,"","broke",0.725,0.663,6,-5.864,1,0.0495,0.196,0.00766,0.0949,0.784,170.021,4
spotify:track:3qVP7SXNOO82HiS6CoFOTH,"Golden","Golden","Stileto;Alaina Cross",2026-03-13,187500,29,false,,2026-05-12T21:03:51Z,"","CloudKid",0.512,0.838,6,-3.027,1,0.129,0.0547,0,0.1,0.474,127.994,4
spotify:track:77M91bANCutKuN5JoTB6hU,"Bad 4 Me","Bad 4 Me","Stellar",2026-04-24,143529,59,true,,2026-05-11T11:19:58Z,"","Greater Boston Rec",0.656,0.717,2,-4.863,1,0.0283,0.0154,0.00000225,0.414,0.775,102.044,4
spotify:track:5Ds1FRxEq20yhhtVY3JukM,"Love Like Mine","Woman of the Hour","Stela Cole",2020-11-20,188367,66,false,,2026-05-11T09:38:06Z,"","Stelavision LLC under exclusive license to Amuseio AB",0.716,0.705,9,-4.846,1,0.0474,0.0553,0,0.183,0.643,89.011,4
spotify:track:42aDcDgsrHnkcJmsZj7ovb,"Bury Me Low","RIP (Control Space Sessions)","8 Graves",2025-10-17,217010,49,false,,2026-05-06T09:44:50Z,"","Nettwerk Music Group",0.533,0.824,5,-4.2,1,0.101,0.231,0.00000519,0.269,0.39,155.075,4
spotify:track:5UqokM9fKmSaCqcQ7mTZBc,"Beast","RIP (Control Space Sessions)","8 Graves",2025-10-17,204750,40,false,,2026-05-05T07:10:47Z,"","Nettwerk Music Group",0.522,0.776,9,-3.683,0,0.034,0.0125,0,0.194,0.319,88.049,4
spotify:track:0osQqNcvhl7pD6FtjOcT9T,"Sucker (from the series Arcane League of Legends)","Arcane League of Legends: Season 2 (Soundtrack from the Animated Series)","Arcane;Marcus King",2024-11-23,224293,22,true,,2026-05-04T18:35:14Z,"киномузыка,современный блюз,блюз-рок,сатерн-рок","Riot Games",0.479,0.751,8,-5.794,0,0.058,0.0192,0.0000189,0.111,0.568,148,4
spotify:track:0LSzBkkQZZkwV656r6etLg,"Bury Me Face Down","Bury Me Face Down","grandson",2016-12-16,231666,56,false,,2026-05-01T15:07:31Z,"","Latium Records/RCA Records/Sony Music",0.39,0.629,1,-4.876,0,0.0469,0.0187,0.0000412,0.0658,0.162,141.983,4
spotify:track:222YNDE7yzS6zsbc3pRBZy,"Human (feat. Barns Courtney)","The Atlas Underground Flood","Tom Morello;Barns Courtney",2021-12-03,184391,44,false,,2026-04-30T08:15:43Z,"","Mom+Pop Music",0.502,0.855,11,-4.563,0,0.14,0.00451,0.00000281,0.362,0.495,129.91,4
spotify:track:3dfavQa6YhYRGrHarpFaV2,"Throw Me to the Wolves","Throw Me to the Wolves","Future Royalty",2019-10-15,235833,47,false,,2026-04-29T12:32:24Z,"","Snafu Records",0.658,0.417,0,-10.056,0,0.0642,0.203,0.064,0.106,0.544,144.079,4
spotify:track:5toE2GI4iMIpelQtzKNT9Q,"Riot","Five","Hollywood Undead",2017-10-27,227882,64,true,,2026-04-29T07:04:49Z,"рэп-рок,рэп-метал","BMG Rights Management (US) LLC",0.707,0.925,1,-3.067,1,0.0362,0.00215,0.00000366,0.0617,0.584,110.013,4
spotify:track:28BqjfZL8ZsayCbZ98nFKh,"ADAN","Overzealous - EP","Foreign Figures",2018-09-20,175072,38,false,,2026-04-28T10:55:56Z,"","Foreign Figures",0.697,0.707,2,-5.67,1,0.0513,0.0187,0.00000862,0.0664,0.493,96.057,4
spotify:track:7vNwbH4C7j6l5SRt9swhBz,"BRAINROT","INERTIA","grandson",2025-09-05,164722,54,true,,2026-04-24T06:50:34Z,"","grandson",0.489,0.863,10,-5.602,1,0.308,0.0129,0.0000792,0.307,0.56,184.042,4
spotify:track:2ofQD99VWjC8SOM3vqLjw9,"GOD IS AN ANIMAL","GOD IS AN ANIMAL","grandson",2025-08-15,235745,36,true,,2026-04-21T11:11:26Z,"","grandson",0.55,0.563,0,-7.829,1,0.0357,0.0112,0.371,0.199,0.314,139.945,4
spotify:track:0AUyNF6iFxMNQsNx2nhtrw,"Blood // Water","Blood // Water","grandson",2018-05-04,216720,73,false,,2026-04-21T07:08:45Z,"","Atlantic Records",0.51,0.882,8,-5.659,0,0.159,0.00158,0.00206,0.0764,0.653,154.029,4
spotify:track:1Os2VQpm9aPGEY7yJXlMIP,"WWIII","Death Of An Optimist","grandson",2020-12-04,201985,48,true,,2026-04-21T07:08:23Z,"","Fueled By Ramen",0.709,0.642,9,-7.464,0,0.0387,0.0444,0.00000213,0.143,0.276,120.022,4
spotify:track:3Nd24jMU4I7InCqePBrWwv,"can you hear the thunder?","echoes of a dream","Animal Sun",2021-06-11,207877,48,false,,2026-04-15T12:36:41Z,"","Duetti",0.455,0.92,4,-3.435,0,0.129,0.0305,0,0.118,0.313,170.201,4
spotify:track:0sGkqbIL1xKE1PLaCCHjsh,"Say Something","Too Late to Start Over (Deluxe)","Arrested Youth",2024-11-15,233804,30,false,,2026-04-15T08:24:13Z,"","Lowly",0.559,0.783,4,-3.58,0,0.0287,0.00195,0.000386,0.108,0.432,99.967,4
spotify:track:4My698q6fFhdAdOyVtWPej,"Die Like This","Die Like This","Mourners",2020-01-10,181673,42,false,,2026-04-14T07:03:56Z,"","Shotgun Wedding Records",0.387,0.586,10,-5.228,0,0.0406,0.0533,0,0.562,0.52,79.935,4
spotify:track:1hPcjpGTbuN4vXzYklDkFp,"Three Steps Ahead","ICARUS","Jared Benjamin",2026-01-16,163844,63,false,,2026-04-10T15:40:11Z,"","Jared Benjamin Music",0.434,0.6,4,-5.933,0,0.0514,0.0624,0,0.118,0.485,106.282,3
spotify:track:3Snavf1yNbjwUbypMUfGow,"Icarus","ICARUS","Jared Benjamin",2026-01-16,152948,55,false,,2026-04-10T15:38:09Z,"","Jared Benjamin Music",0.615,0.706,10,-6.184,0,0.143,0.298,0,0.133,0.381,95.039,4
spotify:track:6RWNyBKaBMzySlOmecgGF1,"Vampire Disco","Nowhere","Friday Pilots Club",2024-05-09,187200,57,true,,2026-04-09T13:02:25Z,"","Friday Pilots Club",0.559,0.767,2,-5.732,1,0.0618,0.00988,0.00000785,0.259,0.275,115.036,4
spotify:track:0o9zmvc5f3EFApU52PPIyW,"Shinunoga E-Wa","HELP EVER HURT NEVER","Fujii Kaze",2020-05-20,185573,78,false,,2026-04-07T20:43:14Z,"j-pop","Universal Music LLC",0.6,0.76,6,-6.124,0,0.0452,0.166,0.0000409,0.189,0.519,158.078,4
spotify:track:5eOaqTMQo7YQIyCu9Bb46w,"humming thing","humming thing","Stevie Howie",2024-11-22,161142,55,false,,2026-03-31T12:29:47Z,"дарк-R&B","Stevie Howie",0.575,0.53,4,-9.372,0,0.165,0.37,0.00000692,0.237,0.613,140.015,4
spotify:track:1LMof9xi1Hf88UeeW9JSbL,"NOTHING ON THE LINE","NOTHING ON THE LINE","George Barnett",2022-06-03,204650,55,true,,2026-03-21T12:23:54Z,"","AntiFragile Music",0.6,0.824,4,-3.119,0,0.0286,0.000929,0.00000834,0.334,0.835,94.963,4
spotify:track:3soKdLpgZNCtYLRsnwxwfB,"Trigger Of Love","For Abby","JAWNY",2020-10-27,170023,60,true,,2026-03-21T11:49:28Z,"bedroom pop","Johnny Utah LLC",0.661,0.618,6,-5.023,1,0.167,0.371,0.000222,0.114,0.523,75.029,4
spotify:track:6XcCmJKqRBKmYQiuiceNNk,"Lie 2 Me","Lie 2 Me","Stellar",2026-02-27,110322,58,false,,2026-03-18T15:37:38Z,"","Greater Boston Records",0.632,0.829,11,-5.903,0,0.0267,0.000302,0,0.533,0.776,123.995,4
spotify:track:2BEYAh8RsBYVNlNYoKoyWk,"Never Have Time","Lost In Your Head","The Royal Foundry",2017-08-15,199148,42,false,,2026-03-17T14:54:18Z,"","The Royal Foundry",0.359,0.881,11,-3.035,0,0.0782,0.454,0,0.0935,0.442,106.98,4
spotify:track:1YIK1ONe2MnF2tHC5n3zlO,"Shed My Skin","Silver","Jady",2025-10-10,152000,44,false,,2026-03-10T20:36:17Z,"","MBJ Records",0.749,0.689,5,-4.81,0,0.089,0.0986,0,0.0658,0.286,90.027,4
spotify:track:3sPgOGUcsgxhJKorgeNYrx,"barque","a whole lot of overthinking (archives)","Jean Castel",2025-03-07,187521,19,false,,2026-03-07T15:50:45Z,"","Jean Castel",0.396,0.398,4,-8.793,0,0.0667,0.412,0.0000343,0.0824,0.219,135.84,3
spotify:track:3TCaju23pPmFayXnitcKkv,"so familiar","a whole lot of overthinking (archives)","Jean Castel",2025-03-07,174000,39,false,,2026-03-07T15:09:05Z,"","Jean Castel",0.714,0.524,2,-6.63,0,0.0599,0.0214,0.00000121,0.113,0.361,118.031,4
spotify:track:1rb5zQlRvvVzDijKbd9DhK,"REIGN","Overzealous - EP","Foreign Figures",2018-09-20,211667,33,false,,2026-03-07T15:02:22Z,"","Foreign Figures",0.561,0.777,2,-3.532,0,0.0275,0.0866,0,0.163,0.562,140.043,4
spotify:track:3sbaip27m5ExJ0x306UFO4,"runaway","runaway","Stevie Howie",2026-01-30,217986,62,true,,2026-03-07T14:40:42Z,"дарк-R&B","Stevie Howie",0.656,0.645,1,-7.971,1,0.0973,0.000989,0.0000045,0.459,0.466,115.016,4
spotify:track:3uLdoTpAQsBem5zXSE4SFR,"Paranoia on Main Street","Paranoia on Main Street","Demi the Daredevil",2020-10-08,166773,46,false,,2026-03-07T11:48:31Z,"","Demi the Daredevil",0.695,0.586,4,-7.69,0,0.0355,0.0381,0,0.311,0.346,108.223,3
spotify:track:46oFRDkA0sy0hKMWuxWZgO,"Lost","Lost","Ghost Nation",2019-12-13,208343,35,false,,2026-03-06T12:13:24Z,"","Ghost Nation",0.339,0.823,3,-4.381,1,0.142,0.0114,0.000022,0.0684,0.209,180.042,3
spotify:track:4ynjpbhDHdIfp9BCdAVyJf,"Lose My Mind","Lose My Mind","The Man Who",2023-01-27,229138,28,false,,2026-03-04T10:06:28Z,"","Wax Records",0.77,0.663,11,-5.929,1,0.0291,0.0036,0.0000711,0.106,0.919,109.992,4
spotify:track:0iHA83002w19QxhOIixKDy,"Oh My Dear Lord","Oh My Dear Lord","The Unlikely Candidates",2018-01-12,192500,51,false,,2026-03-02T06:46:09Z,"","RED MUSIC/Sony Music Entertainment",0.557,0.798,1,-4.506,0,0.113,0.0382,0.000014,0.0666,0.673,72.044,4
spotify:track:7qJZ0D9zLggq5zgY0qNcRB,"World In My Pocket","Danger To Myself (Deluxe)","The Unlikely Candidates",2018-01-12,167149,42,false,,2026-03-02T06:44:22Z,"","RED MUSIC/Sony Music Entertainment",0.649,0.885,7,-5.042,1,0.137,0.0156,0,0.0668,0.301,89.994,4
spotify:track:0vukOuWKf5Y8tekLGdOrwk,"Breaking My Bones","Friday Pilots Club","Friday Pilots Club",2021-05-07,244373,49,false,,2026-03-02T06:41:17Z,"","Big Machine Records / John Varvatos Records",0.675,0.561,1,-7.7,1,0.0482,0.00864,0,0.323,0.432,124.053,4
spotify:track:3Eudw6awE02R7qxx8ayNH9,"Devil","Devil","Foreign Figures;Jonny T",2025-01-03,173400,53,false,,2026-03-01T18:28:09Z,"","Foreign Figures",0.726,0.679,9,-4.494,1,0.0507,0.103,0.000034,0.0909,0.54,100.006,3
spotify:track:2ztpUp0NEbgBWfOMs9MSbl,"Barefoot","Between Awake & Fast Asleep","Seb Adams",2022-03-18,187532,18,false,,2026-02-23T06:14:30Z,"","Seb Adams",0.53,0.564,6,-7.004,1,0.0655,0.0374,0,0.0619,0.479,160.048,4
spotify:track:3PYNtH2b5IxwjH1wTJzfDq,"No Love","No Love","Queen Omega;Little Lion Sound",2022-05-13,212790,54,false,,2026-02-20T19:39:32Z,"регги,рагга,даб,рутс-регги","Evidence Music",0.802,0.696,11,-5.128,1,0.335,0.00934,0,0.0651,0.449,85.849,4
spotify:track:4gYzTrDZdiPPu6gWVnFOE2,"No Love Dubplate","No Love Dubplate","Queen Omega;Little Lion Sound",2023-11-24,155612,58,false,,2026-02-20T19:31:24Z,"регги,рагга,даб,рутс-регги","RCA Local",0.817,0.906,1,-3.816,1,0.197,0.0448,0,0.325,0.821,95.404,4
spotify:track:3spbSQ96ikm7mkUqAAr8VM,"VHS","VHS","Stellar",2025-05-30,148235,55,true,,2026-02-18T10:54:11Z,"","Vydia",0.791,0.798,2,-7.064,1,0.0363,0.0968,0.00000553,0.357,0.665,102.021,4
spotify:track:7M9o8UDCmllnx7k4xlMckn,"Blue Days","Hello Sunshine","Foreign Air",2022-09-09,223200,47,true,,2026-02-06T06:03:45Z,"","Nettwerk Music Group",0.489,0.593,10,-5.185,1,0.0376,0.319,0,0.0885,0.304,132.991,4
spotify:track:4dmgawH7YVY663GxxjEIwC,"Me, Myself, and I","Me, Myself, and I","Vinyl Theatre",2017-09-29,206266,41,false,,2026-01-29T13:36:51Z,"","Vinyl Theatre",0.619,0.711,4,-5.211,0,0.0328,0.0149,0.000022,0.0968,0.309,90.987,4
spotify:track:0NP5LPoZBL3MynRu4wr7Gc,"Meet Me At The Riot","Meet Me At The Riot","Harm & Ease",2023-02-10,176910,41,false,,2026-01-28T21:20:16Z,"","Cosmo Cat Records",0.573,0.892,8,-5.944,1,0.0341,0.00322,0,0.404,0.855,127.002,4
spotify:track:7844tBJNLnI8wIdebVfzIb,"Breathe","Life Among Machines, Pt. 1","Animal Sun",2023-07-14,224218,0,false,,2026-01-27T14:01:30Z,"","Animal Sun LLC",0.294,0.928,2,-2.12,1,0.0727,0.0000515,0.118,0.308,0.37,152.332,4
spotify:track:2BnJK5n9L5UPWXzAx7Vxfk,"LITTLE ONE","GENERATION WAITING","Animal Sun",2022-07-27,234276,0,true,,2026-01-23T06:40:45Z,"","Animal Sun LLC",0.632,0.666,8,-6.153,1,0.0329,0.142,0.000044,0.0774,0.549,76.014,4
spotify:track:4eyvatP1JnM1CDXIaVs0jv,"Not Going Down","Not Going Down","Kevin McAllister;Rebekah White",2018-09-03,226467,21,false,,2026-01-19T19:03:02Z,"","Pearl Snap Music",0.575,0.54,1,-7.201,0,0.03,0.0757,0.00000151,0.129,0.234,92.014,4
spotify:track:12VzUUrRwSGJmpAaFkjDcm,"Bells","Bells","The Unlikely Candidates",2018-10-12,190519,50,false,,2026-01-16T07:10:09Z,"","RED MUSIC",0.383,0.713,7,-0.483,1,0.0393,0.282,0,0.11,0.261,76.959,4
spotify:track:22WALFYl4TxEJqp8mwoqYD,"Welcome to the Show","Welcome to the Show","Dr. Villain",2023-11-08,164583,51,false,,2026-01-08T20:52:31Z,"","Dr. Villain",0.663,0.508,0,-10.307,0,0.0434,0.217,0,0.816,0.676,144.048,4
spotify:track:51ySe8dpEIZWhelmYyBOgg,"Atlas","Makings of a God","Lilith Max",2025-09-26,187119,53,true,,2026-01-08T20:43:30Z,"","Adventure Cat Records",0.58,0.715,6,-4.784,0,0.0271,0.0682,0.00000163,0.0602,0.355,90.911,4
spotify:track:07FkzikE6FuHIa8Ma7zJGc,"Lie","Perception","NF",2017-10-06,209213,76,false,,2026-01-01T14:57:46Z,"христианский хип-хоп","NF Real Music",0.749,0.659,5,-6.419,1,0.167,0.161,0,0.246,0.185,95.008,4
spotify:track:1l0wPhFZP1kWkZNQrrYrGy,"RUNNING","HOPE","NF",2023-04-07,253532,72,false,,2025-12-31T17:04:22Z,"христианский хип-хоп","NF Real Music II",0.549,0.601,5,-6.129,1,0.0852,0.258,0,0.168,0.296,145.552,4
spotify:track:72s47svN0csVk41h0LdbSe,"Skin and Bones","The Dichotomy","David Kushner",2024-08-30,214632,71,false,,2025-12-31T16:48:24Z,"","Miserable Music Group",0.488,0.457,10,-10.205,1,0.0375,0.649,0.477,0.148,0.17,116.89,4
spotify:track:1nwnlvJ8fA4vbQ8pCTYSEx,"The Oath","The Oath","Glum Aleks",2025-10-01,230839,6,false,,2025-12-30T18:01:57Z,"","Glum Aleks",0.631,0.38,4,-11.551,1,0.0305,0.763,0.0000708,0.559,0.382,107.613,4
spotify:track:4TfmXkmAqtiq1ixe5PT5kX,"Carnival","Carnival","John Michael Howell",2025-11-28,104427,76,false,,2025-12-29T10:53:45Z,"","John Michael Howell",0.845,0.575,2,-7.673,0,0.036,0.303,0,0.102,0.717,130.987,4
spotify:track:095hvebjGBMDcwpLV3P1Ch,"Isagi Yoichi Domination","Isagi Yoichi Domination","NeXoX",2025-12-16,197593,22,false,,2025-12-20T16:56:55Z,"аниме-рэп","NeXoX Music",0.308,0.732,4,-4.581,1,0.1,0.0626,0,0.314,0.244,83.31,3
spotify:track:2vIU7tGOCA84jN9QoAgciD,"Nothing on My Shoulders","Voices","The People's Thieves",2017-07-20,207786,0,false,,2025-12-20T14:10:32Z,"","Duetti",0.765,0.372,4,-9.251,0,0.0403,0.54,0,0.157,0.312,96.998,4
spotify:track:0DX1rCJiPpgHGBQts2YkJy,"Exposed","Exposed","Matty Fees",2020-04-06,209142,36,false,,2025-12-18T07:12:25Z,"","Real Rennaisance Records",0.535,0.833,5,-5.001,0,0.0884,0.214,0,0.399,0.443,139.61,4
spotify:track:1ilDqqj1xdUSZSYtVrk07F,"Victorious","Victorious","Brenne",2019-06-27,216000,28,false,,2025-12-17T06:53:28Z,"","Brenne",0.634,0.67,1,-7.204,0,0.0323,0.00137,0.000119,0.0629,0.312,89.981,4
spotify:track:4vnHMQVMo6xJBk7voBBmTZ,"Edge of Rain","Voices","The People's Thieves",2017-07-20,212600,5,false,,2025-12-15T06:55:40Z,"","Duetti",0.612,0.492,11,-9.69,0,0.112,0.625,0.00000135,0.0535,0.278,144.997,4
spotify:track:5G2RndXhS59eoq29aXmFUS,"The Greatest","Knockout","Super Soldier;T.H.O.R.;Once Monsters",2022-02-07,242746,25,false,,2025-12-15T06:47:42Z,"","Theatre Of Rock, a division of Trailer Bros LLC",0.5,0.83,4,-5.266,0,0.121,0.0242,0.0000015,0.0894,0.146,176.012,4
spotify:track:0SRlb7C7ZU8kjRil3fOHgT,"Say You Believe","Say You Believe","Midnight Divide",2019-10-28,235599,38,false,,2025-12-15T06:29:51Z,"","Midnight Divide",0.627,0.63,7,-6.811,1,0.0306,0.275,0,0.0754,0.703,98.457,3
spotify:track:2y3B6EOYVNxlkQMGHv7jAq,"Rise","Rise","Unroyal",2024-11-15,134230,49,false,,2025-12-13T19:06:01Z,"","Range Music Partners, LLC",0.53,0.743,10,-6.125,0,0.0665,0.0154,0.000454,0.129,0.468,143.058,4
spotify:track:11PZRsZn6CM1rYXUYcuEW2,"Now That We're Alone","Tunnels","The People's Thieves",2021-08-20,288586,16,false,,2025-12-11T16:01:09Z,"","Duetti",0.616,0.567,0,-8.398,1,0.148,0.541,0.0000113,0.159,0.477,179.927,4
spotify:track:63laocJ7ZBNNNPkiE6wFpV,"You're Mine","You're Mine","Mblue",2025-03-28,164509,49,false,,2025-12-11T06:54:58Z,"","Loud Memory",0.612,0.899,11,-3.826,0,0.244,0.207,0.00000316,0.331,0.909,153.015,4
spotify:track:5EMETB5PgC5B5gGpDyvKwn,"Monster","Monster","Willyecho",2019-01-15,238400,16,false,,2025-12-04T21:34:41Z,"","Duetti",0.572,0.698,4,-6.102,0,0.0741,0.29,0,0.0603,0.384,139.784,4
spotify:track:52x9CSxdjpFTqGVSksFUSY,"MAY BE CRUEL","CHERRY","LaLion",2025-09-18,176768,33,false,,2025-12-02T16:45:46Z,"","LaLion",0.585,0.652,8,-7.213,0,0.0472,0.0255,0,0.214,0.675,175.927,4
spotify:track:6qhXNYLEAux8KGUxjVv77L,"Take My Throne","Take My Throne","Once Monsters",2022-04-29,148201,38,true,,2025-11-23T21:41:58Z,"","Once Monsters Music",0.347,0.668,4,-5.497,0,0.0758,0.131,0,0.083,0.269,91.295,4
spotify:track:2MPjmnkClYF7kCJpYdkyQG,"Blood on Our Hands","Blood on Our Hands","KNGDAVD",2017-10-10,164623,40,false,,2025-11-21T22:38:22Z,"","Snafu Records",0.569,0.913,3,-5.768,0,0.0474,0.33,0,0.0975,0.567,100.977,4
spotify:track:5rxPi0MiR4miNK0rCmk980,"Broken People (with Logic & Rag'n'Bone Man)","Broken People (with Logic & Rag'n'Bone Man) [From Bright: The Album]","Logic;Rag'n'Bone Man",2017-11-29,212066,59,false,,2025-11-11T22:11:28Z,"","Atlantic Records",0.694,0.702,9,-5.477,1,0.0946,0.123,0,0.0758,0.308,79.959,4
spotify:track:3oLe5ZILASG8vU5dxIMfLY,"The Search","The Search","NF",2019-07-26,248053,75,false,,2025-11-11T16:51:52Z,"христианский хип-хоп","NF Real Music",0.789,0.789,2,-4.813,1,0.298,0.598,0,0.099,0.37,119.95,4
spotify:track:52okn5MNA47tk87PeZJLEL,"Let You Down","Perception","NF",2017-10-06,212120,80,false,,2025-11-11T16:49:10Z,"христианский хип-хоп","NF Real Music",0.661,0.714,5,-5.68,0,0.121,0.314,0,0.179,0.464,147.998,4
spotify:track:2VNQrKOG3D9Gr3HL48i1UU,"Cinder Crown","Spirit of Ashes","Glum Aleks",2025-06-20,189919,1,false,,2025-11-09T16:48:09Z,"","Glum Aleks",0.515,0.232,7,-15.249,1,0.183,0.24,0,0.0674,0.0631,79.593,3
spotify:track:7KvTvdkcSMcU3k85R6WFRQ,"Better Me (For You)","Better Me (For You)","Saint Chaos",2025-09-05,160080,29,false,,2025-11-08T20:19:47Z,"","The Royal Damage",0.666,0.814,11,-3.302,0,0.0467,0.0376,0,0.328,0.753,98.984,4
spotify:track:2R4sYJ6omMTRLXvBwJtasD,"Suffocating","Suffocating","Empire Fall",2025-03-28,197630,23,false,,2025-11-02T15:34:14Z,"","2025 EF Militia",0.521,0.869,11,-2.165,0,0.0435,0.121,0,0.22,0.305,99.961,4
spotify:track:2Y04BlBqQTRaCVDbxXr6Bh,"Cold War","Overzealous - EP","Foreign Figures",2018-09-20,169389,46,false,,2025-11-01T12:00:47Z,"","Foreign Figures",0.67,0.483,9,-7.124,0,0.125,0.213,0,0.055,0.769,170.115,4
spotify:track:6BqRPYigxVNlogN2uzOIXN,"Show Me The Way You Love","Dark Habits","LEAP",2023-11-10,170000,0,false,,2025-10-30T21:01:14Z,"","LEAP",0.449,0.959,11,-4.997,0,0.103,0.000195,0.0481,0.0632,0.377,102.947,4
spotify:track:72z1OAURj2XwHbZdBg3zpV,"Castaway","404","Barns Courtney",2019-09-06,164013,52,false,,2025-10-28T19:09:27Z,"","Virgin EMI",0.666,0.69,0,-4.277,0,0.0358,0.0124,0.0000436,0.233,0.745,140.022,4
spotify:track:3L4gXzO15icz3MShAOr4k5,"Colors","Colors","Jacob Kulick",2018-10-12,214156,38,false,,2025-10-27T18:22:03Z,"","Jacob Kulick Music",0.345,0.845,6,-4.208,0,0.0861,0.00466,0.0000397,0.146,0.496,88.222,4
spotify:track:3sgGShwUAyoAlLEeAOzKI0,"Ruby with the Sharpest Lies","A Real Good Person In A Real Bad Place","Des Rocs",2021-09-24,184640,53,false,,2025-10-24T13:43:59Z,"","Des Rocs",0.682,0.622,9,-5.424,1,0.0344,0.0136,0,0.18,0.666,110.025,4
spotify:track:6lJyWYl1tSXqFn2FH16xvG,"Maybe, I","Let the Vultures In","Des Rocs",2018-11-02,186747,54,false,,2025-10-23T19:36:26Z,"","Lowly",0.392,0.672,4,-5.53,0,0.0626,0.213,0,0.115,0.42,64.928,4
spotify:track:0wfgdpYNPfUZj4D35SybLR,"Nothing Personal","This is Our Life","Des Rocs",2020-12-11,262720,51,false,,2025-10-23T15:32:14Z,"","Des Rocs",0.383,0.827,11,-4.655,0,0.0627,0.019,0,0.131,0.238,169.832,4
spotify:track:6EaGrhJCfIATcV95W7vWjC,"This Land - Theme from Borderlands 4","This Land (Theme from Borderlands 4)","Des Rocs;Borderlands Music",2025-09-12,188000,41,false,,2025-10-23T15:09:38Z,"саундтреки","Sumerian Records",0.572,0.842,9,-4.104,1,0.0523,0.00102,0.684,0.38,0.703,85.996,4
spotify:track:3SemJVQCsUo0K3QGN7pIXu,"Used to the Darkness","Let the Vultures In","Des Rocs",2018-11-02,256342,62,false,,2025-10-23T14:55:17Z,"","Lowly",0.674,0.751,4,-4.672,0,0.0359,0.181,0,0.191,0.471,106.007,4
spotify:track:4hMxzz1Uz2P28xgtDF9cBj,"Propagate","Zombie Americana","Zombie Americana",2020-10-30,240000,41,true,,2025-10-23T14:24:13Z,"","Lowly",0.698,0.85,10,-4.091,0,0.0403,0.0756,0.0000821,0.62,0.542,110.027,4
spotify:track:3lpRH4avonc4c0hEvkotw1,"Warriors","Warriors","Willyecho",2021-07-28,167763,0,false,,2025-10-20T20:05:12Z,"","Duetti",0.654,0.724,2,-6.349,0,0.0431,0.0157,0.002,0.0734,0.853,151.864,4
spotify:track:1iBf3OFW9b40SiEsWUbGtF,"I Don't Care","I Don't Care","Buster Moe",2019-12-27,238432,25,false,,2025-10-18T10:18:37Z,"","LoudKult",0.475,0.859,8,-5.846,1,0.134,0.412,0,0.189,0.664,183.76,4
spotify:track:5qCVolVLPIb57Jhqhzurfk,"I'm So Sick","I'm So Sick","Buster Moe",2025-05-09,204000,47,true,,2025-10-18T09:44:17Z,"","LoudKult",0.711,0.503,11,-7.42,0,0.0533,0.328,0,0.121,0.444,126.008,4
spotify:track:2fsp5X1a2Q2PUrAe8LWsjK,"Just Another New Year","Just Another New Year","Parker The Bandit",2024-12-27,122400,28,false,,2025-10-17T18:41:03Z,"","Parker the Bandit",0.608,0.861,2,-5.881,1,0.0558,0.41,0,0.464,0.934,100.004,4
spotify:track:6NG9Ol9WvHyNxmBBZAs8tR,"Run - English Version","Run","AIM WIND X;AIM WIND;LEON JAI",2025-08-16,137639,44,true,,2025-10-16T21:09:27Z,"","AIM WIND MUSIC",0.657,0.672,0,-5.771,1,0.0913,0.101,0,0.447,0.458,127.051,4
spotify:track:1b0jzuo3ygmDcj9cMAswEx,"Bleed Me Slow","Bleed Me Slow","KamNox",2025-08-14,254651,43,false,,2025-10-13T19:27:19Z,"","KamNox",0.555,0.531,8,-10.2,1,0.0293,0.000445,0,0.106,0.185,98.036,4
spotify:track:7EhcGKequW2qvpAfq3ahab,"Glow In The Dark","Glow In The Dark","Unlike Pluto;Mike Taylor;UPxMT",2025-06-20,206941,31,false,,2025-10-13T15:40:10Z,"","CloudKid",0.641,0.639,9,-7.364,0,0.0689,0.0161,0,0.102,0.44,114.034,4
spotify:track:0pECn9DFFGv7eqyEQV92BM,"myself","myself","Vâsstian",2023-05-26,153948,37,false,,2025-10-12T17:56:24Z,"","Rising Wave",0.58,0.57,7,-7.196,1,0.0371,0.29,0.0000308,0.137,0.159,144.799,4
spotify:track:4qMyu5J8so6hdY8H3K4xKU,"ENDLESS LOVE","ANIMUS","Poe the Passenger",2024-08-07,140591,45,false,,2025-10-12T13:08:57Z,"","Poe the Passenger",0.548,0.805,2,-6.63,1,0.0485,0.00655,0.0000854,0.0947,0.749,160.016,4
spotify:track:527mK0qJXnbgKwhmeeJ7go,"What a Lovely Masquerade","What a Lovely Masquerade","Lappy",2025-09-25,209250,49,false,,2025-10-10T21:16:00Z,"","Lappy",0.576,0.557,5,-9.017,0,0.0365,0.336,0,0.404,0.347,80.015,4
spotify:track:3pB36nmEkDqtOurUCmREUj,"Snake Charmer","Snake Charmer","Autumn Kings",2025-02-13,195092,52,false,,2025-10-10T20:12:54Z,"","Hopeless Records",0.433,0.95,2,-3.414,1,0.153,0.000545,0,0.0655,0.622,163.141,4
spotify:track:6IEMtTs0aGTgFedadTABUL,"THE FALLEN","CHERRY","LaLion",2025-09-18,219700,22,false,,2025-10-10T15:59:41Z,"","LaLion",0.6,0.679,11,-7.857,1,0.0331,0.0654,0.00000434,0.0533,0.232,117.007,4
spotify:track:2sBSGFOm9VuxGxPhPy5ywh,"Enemy","Enemy","Arrested Youth",2025-10-10,168510,0,false,,2025-10-10T07:42:38Z,"","Arrested Youth Records / The Bonnie House",0.589,0.77,0,-4.757,0,0.0326,0.0303,0.000145,0.237,0.439,93.99,4
spotify:track:6r30oJ0bFMqLypUtRoYsD8,"Пронзай","NARRATIVE","MiyaGi & Эндшпиль",2024-01-12,212307,49,false,,2025-10-10T06:46:09Z,"","Hajime Records",0.571,0.854,0,-6.569,0,0.251,0.259,0.00000428,0.0857,0.798,72.967,4
spotify:track:0jmdPs06ArqfgjFasKX84W,"Вестник","NARRATIVE","MiyaGi & Эндшпиль",2024-01-12,227379,46,false,,2025-10-09T18:31:29Z,"","Hajime Records",0.825,0.48,7,-9.774,0,0.0915,0.407,0.00738,0.0972,0.462,120.032,4
spotify:track:43wgyQXc2M9KmTDUqVzugM,"I Got Love","I Got Love","MiyaGi & Эндшпиль;Рем Дигга",2016-09-09,276687,79,false,,2025-10-09T17:44:20Z,"","Hajime Records",0.666,0.862,2,-4.376,0,0.203,0.154,0,0.139,0.203,106.028,4
spotify:track:3RXyYtguIkuqHADXBMcz9I,"Tigerlily","Tigerlily","Ryan Mitchell",2023-02-14,166607,55,true,,2025-10-06T15:42:10Z,"","Ryan Mitchell",0.726,0.718,8,-5.113,0,0.029,0.116,0.0000356,0.0759,0.592,112.048,4
spotify:track:5DzKFUGoiuuRTR7Px5gB48,"One Last Song","One Last Song","Arrested Youth",2025-07-11,231000,0,false,,2025-09-24T15:54:46Z,"","Arrested Youth Records / The Bonnie House",0.716,0.763,2,-4.837,0,0.0474,0.00306,0.000115,0.168,0.465,100.985,4
spotify:track:3RjebvVd6nx8fmBeLcMaCH,"Endorphin","King Kong","Andy Panda;MiyaGi",2019-11-14,193761,56,false,,2025-09-12T18:45:30Z,"","Hajime Records",0.511,0.86,11,-5.927,0,0.551,0.0803,0.0000231,0.0981,0.637,217.832,4
spotify:track:12ZCF1YHZTtygHyl1h0wEe,"Nightmare","If I Can’t Have Love, I Want Power (Extended)","Halsey",2021-08-27,231998,68,true,,2025-09-04T10:20:46Z,"","Capitol Records",0.607,0.622,9,-5.075,0,0.0756,0.0187,0,0.359,0.537,146.105,4
spotify:track:3yOlyBJuViE2YSGn3nVE1K,"My Oh My (feat. DaBaby)","Romance","Camila Cabello;DaBaby",2019-12-06,171375,76,false,,2025-09-03T16:39:33Z,"","Syco Music/Epic",0.724,0.491,8,-6.024,1,0.0296,0.018,0.0000129,0.0887,0.383,105.046,4
spotify:track:3MKhTroJs5GF9H7LqN9fiw,"Devil in Disguise","Devil in Disguise","Marino",2025-07-18,104431,81,false,,2025-08-24T14:06:53Z,"","broke",0.899,0.403,1,-9.674,0,0.0642,0.508,0.0000287,0.111,0.617,109.982,4
spotify:track:66vZUAwnczyfdRsDbzxskk,"Falling for Me","Falling for Me","Parker The Bandit",2023-07-21,177882,38,false,,2025-08-24T11:41:48Z,"","Parker the Bandit",0.428,0.893,2,-6.564,0,0.0776,0.0784,0,0.59,0.783,84.551,4
spotify:track:2Mj3yguTKRNpIBLL557Qau,"addiction governance","addiction governance","Six Kid;the fashion show",2023-01-26,116400,39,false,,2025-08-22T14:39:19Z,"","Six Kid",0.646,0.923,1,-3.754,1,0.0454,0.0755,0.00000354,0.484,0.878,149.995,4
spotify:track:4JgwvI9unMxTMvI3J1a531,"Parade","Parade","Joh Yoban",2023-01-10,200138,23,false,,2025-08-22T14:39:11Z,"","Common Sense Music",0.765,0.783,8,-5.467,1,0.0348,0.775,0.0000028,0.0896,0.961,135.014,4
spotify:track:0cyQuiFTVaHM70y8xRsOWA,"OFF MY FACE","RUSH! (ARE U COMING?)","Måneskin",2023-11-10,149835,69,false,,2025-08-12T14:16:39Z,"","Epic",0.794,0.801,11,-3.006,0,0.0603,0.00195,0,0.359,0.864,119.997,4
spotify:track:4AE6kfvQpjNEjk8pLTwFRx,"In My Blood","Metamorph","The Score",2022-03-18,224765,51,false,,2025-08-11T14:18:28Z,"","The Score",0.44,0.701,1,-6.993,0,0.0501,0.00498,0.0000252,0.097,0.321,83.896,4
spotify:track:7xblEDcKsBGnRMB076Rf2f,"Get on This Level","Pull It Together","Kasano",2020-05-12,180340,31,false,,2025-08-08T12:36:27Z,"","IN THE GROOVE MUSIC",0.515,0.91,0,-4.471,1,0.256,0.0159,0,0.596,0.688,176.16,4
spotify:track:3JrBHDkQA4YQoBPPzLPYKk,"Kick","Seeing Red","Saint Chaos",2021-11-19,197005,49,false,,2025-08-07T12:07:06Z,"","The Royal Damage",0.44,0.751,5,-5.164,0,0.0541,0.00131,0,0.174,0.755,186.842,4
spotify:track:0hHHnaExwRI8Cq6cFDDgn6,"Joker","Joker","Stileto",2025-05-30,151898,30,true,,2025-08-05T18:54:11Z,"","CloudKid",0.536,0.722,1,-4.215,0,0.155,0.0799,0.0000123,0.355,0.543,158.07,4
spotify:track:1NvMVW5ETkUy4zirfEbpXp,"Бейба судьба","Hajime, Pt. 1","MiyaGi & Эндшпиль",2016-05-08,206591,63,true,,2025-08-04T21:13:59Z,"","Hajime Records",0.695,0.758,11,-5.14,1,0.268,0.695,0.0023,0.114,0.688,77.993,4
spotify:track:3uCth4TIWyeQDnj3YbAVQB,"Патрон","Патрон","Miyagi & Andy Panda",2021-04-02,225000,67,false,,2025-08-04T20:44:34Z,"","Hajime Records",0.642,0.449,3,-8.502,0,0.0706,0.656,0.0000191,0.107,0.328,88.039,4
spotify:track:7rvEwAILTqxBpdIyUifkE8,"Marmalade","Marmalade","Miyagi & Andy Panda;Mav-d",2021-11-19,220363,60,false,,2025-08-04T20:25:00Z,"","Hajime Records",0.725,0.507,10,-9.316,0,0.0484,0.571,0.00000725,0.119,0.511,110.03,4
spotify:track:5rLyYxZNzca00ENADO9m54,"When I Grow Up","The Search","NF",2019-07-26,196800,73,false,,2025-08-04T19:52:45Z,"христианский хип-хоп","NF Real Music",0.817,0.814,2,-3.985,1,0.185,0.32,0,0.152,0.247,109.994,4
spotify:track:4r4ar92hzWmDdzHtDc68li,"Imagine Dragons","Imagine Dragons","Ragged Insomnia",2021-08-18,152228,52,false,,2025-08-04T18:59:44Z,"","Ragged Insomnia",0.72,0.688,4,-6.262,0,0.0909,0.0138,0.0000149,0.409,0.146,87.544,4
spotify:track:5twirxZPZdu2ToCE8PJm0i,"All In","All In","Marino",2023-10-15,123840,68,false,,2025-08-04T15:08:21Z,"","1002794 Records DK",0.668,0.732,1,-7.047,0,0.0907,0.00488,0.00000941,0.259,0.661,125.035,4
spotify:track:2ZDhEadCNyggLJWGETk7sQ,"I Can't Fit In","I Can't Fit In","Marino",2025-02-06,129542,73,false,,2025-08-04T15:02:43Z,"","broke",0.815,0.638,8,-7.114,1,0.0467,0.316,0,0.0647,0.462,126.055,4
spotify:track:012LR1KvgL8GvHryu0zMoc,"Worst Enemy","Worst Enemy","Marino",2025-06-20,109828,69,false,,2025-08-04T14:14:17Z,"","broke",0.718,0.539,3,-5.778,0,0.157,0.0743,0,0.142,0.547,119.943,4
spotify:track:1t6fWIZQnjO1FcpqJoNGcz,"В одній кімнаті","В одній кімнаті","Tember Blanche;макс пташник",2024-03-01,244323,37,false,,2025-08-01T23:40:27Z,"","Tember Blanche",0.53,0.504,9,-10.492,1,0.108,0.357,0,0.163,0.333,87.258,4
spotify:track:7y8h6JnGNKn8nnbOxQalLA,"хей йо","хей йо","renie cares;Tember Blanche",2025-05-29,209888,29,false,,2025-08-01T23:40:11Z,"","renie cares",0.837,0.683,2,-5.454,1,0.0451,0.245,0.0183,0.1,0.692,135.017,4
spotify:track:7AmQJJDsxdueiCoFf34oGg,"Monster","Monster","Kadnay;Lida Lee",2021-12-17,158734,29,false,,2025-08-01T23:00:49Z,"","BEST MUSIC",0.794,0.66,2,-10.58,1,0.238,0.265,0.000118,0.163,0.692,97.998,4
spotify:track:5bx2mZ2wNh8KDHeFXbWxk8,"психічне порушення","психічне порушення","ENLEO",2024-07-12,165916,27,false,,2025-08-01T22:40:40Z,"","PAPA MUSIC",0.692,0.659,11,-5.911,0,0.0336,0.126,0,0.218,0.671,124.924,4
spotify:track:5wJYrpRqzY76qPyCYX3lHJ,"SUPERNOVA","SUPERNOVA","ENLEO",2025-01-14,176000,20,false,,2025-08-01T22:11:48Z,"","PAPA MUSIC",0.57,0.665,1,-5.546,0,0.0276,0.302,0,0.0944,0.412,72.503,4
spotify:track:775xXZcCD6a6MNfJgl5toi,"молодість","молодість","ENLEO",2023-11-17,158893,30,false,,2025-08-01T21:58:41Z,"","PAPA MUSIC",0.586,0.792,4,-4.623,0,0.0615,0.0395,0,0.385,0.489,112.931,4
spotify:track:4FtJwsyAWlfikS8dpZdXt2,"чорнеморе","молодість","ENLEO",2023-11-17,181090,29,false,,2025-08-01T21:58:32Z,"","PAPA MUSIC",0.596,0.833,11,-5.082,0,0.0365,0.12,0,0.0927,0.555,109.971,4
spotify:track:6JrGELYUIbZvBV74j4Q5LN,"інша любов","інша любов","ENLEO",2022-07-15,248000,44,false,,2025-08-01T21:52:02Z,"","SADNESS RCRDS",0.403,0.557,4,-9.496,0,0.0502,0.294,0,0.324,0.117,120.122,4
spotify:track:0SzgZTPTdQyBzDKvrq8VlR,"веди мене в храм","веди мене в храм","ENLEO",2022-10-28,235813,42,false,,2025-07-28T13:32:58Z,"","SADNESS RCRDS",0.611,0.675,4,-4.164,0,0.0429,0.399,0,0.111,0.227,129.084,4
spotify:track:3UEnF6y5tyHVtMzldS3svp,"Everything Black","Everything Black","Unlike Pluto;Mike Taylor;UPxMT",2017-03-10,228979,70,false,,2025-07-26T15:29:40Z,"","Monstercat",0.62,0.864,5,-4.334,0,0.114,0.0323,0,0.117,0.395,98.059,4
spotify:track:4ntBxLqHGFZfjfcGnr5hF0,"На повторі","На повторі","BOTASHE",2021-12-24,189691,40,false,,2025-07-11T21:23:03Z,"","Білий Бо, Шершень & Тася",0.861,0.51,1,-6.249,1,0.232,0.36,0,0.0974,0.314,143.879,4
spotify:track:4qATsmAAebuBXNG1lJHpeR,"Доля","Доля","BURLA",2022-09-30,169610,39,false,,2025-07-11T21:17:11Z,"","Plan",0.876,0.544,7,-4.938,1,0.125,0.0156,0.0000204,0.136,0.448,94.973,4
spotify:track:0yqrhHrcWLMjBylHReDN5u,"Legends Are Made","Babel","Sam Tinnesz",2017-08-25,169758,11,false,,2025-07-11T02:11:38Z,"","Tinman Entertainment",0.553,0.89,0,-4.879,1,0.0413,0.123,0,0.139,0.674,87.871,4
spotify:track:76WkeZi65MJTkbzhStKc57,"Good Day to Die Young","Good Day to Die Young","Adam Jensen",2023-11-03,184067,33,false,,2025-07-11T00:33:22Z,"","Adam Jensen",0.679,0.839,8,-3.145,1,0.0634,0.00246,0.00000975,0.047,0.847,127.939,4
spotify:track:3JA9Jsuxr4xgHXEawAdCp4,"Just Can’t Get Enough","The Beginning","Black Eyed Peas",2010-01-01,219426,86,false,,2025-07-10T23:30:07Z,"","A&M",0.659,0.629,0,-8.685,0,0.18,0.19,0,0.105,0.262,94.049,4
spotify:track:2WQ09wqQBIOor7Q0VpIDBK,"Rock That Body","THE E.N.D. (THE ENERGY NEVER DIES) [Deluxe Version]","Black Eyed Peas",2009-01-01,268840,81,false,,2025-07-10T23:09:59Z,"","Interscope",0.715,0.907,7,-6.025,0,0.0993,0.0172,0.0000839,0.426,0.841,124.991,4
spotify:track:0zPexfN7p6rdbYoL4qh5Wn,"I'm a Hurricane","Your Sundown","Wellmess;Divty",2019-06-07,204597,39,false,,2025-07-09T12:02:46Z,"","Epidemic Sound",0.626,0.838,2,-3.489,1,0.0349,0.000164,0.0184,0.0432,0.654,124.976,4
spotify:track:6XXoKFeQAnOsm2dj5aq4hq,"This Is It","Blood Is Rebel","Oh The Larceny",2019-05-17,169487,61,false,,2025-07-07T16:18:26Z,"","Position Music",0.731,0.799,1,-4.779,1,0.042,0.04,0.0000474,0.108,0.693,117.041,4
spotify:track:2QLgidl5W90f9vWpHmh2BX,"Watch It Fall","Watch It Fall","Willyecho",2019-11-08,222560,5,false,,2025-07-06T10:12:20Z,"","Duetti",0.546,0.882,5,-6.237,1,0.0524,0.0429,0,0.123,0.287,89.014,4
spotify:track:1KJcpLiQ5GDydMksZy4qGb,"Silver Venom","Silver Venom","Brad Arthur",2024-05-17,165713,44,false,,2025-07-05T14:17:03Z,"","Brad Arthur",0.557,0.655,6,-5.334,0,0.0479,0.0824,0,0.0522,0.243,146.049,4
spotify:track:1eLitnbuX3dwsAIpGzifgF,"The End","No One","Xmark",2023-02-05,206334,9,false,,2025-07-04T13:45:39Z,"","Common Sense Music",0.539,0.649,0,-3.915,0,0.0289,0.341,0.0000343,0.107,0.449,144.02,4
spotify:track:6e0CxV4uDoqix5jz4tst9Y,"Insane","Insane","Ghost Nation",2023-07-14,196500,27,false,,2025-07-03T19:35:16Z,"","Ghost Nation",0.627,0.666,10,-5.463,0,0.0322,0.00486,0.000236,0.0458,0.148,120.003,4
spotify:track:3WYREYBjEmlijoPN2MVDd7,"Pretend","Pretend","Stileto;Liza",2023-03-17,142608,42,false,,2025-07-02T14:39:13Z,"дарк-R&B","CloudKid",0.667,0.523,8,-3.569,0,0.0342,0.296,0.0000116,0.214,0.272,138.002,4
spotify:track:62yJjFtgkhUrXktIoSjgP2,"Radioactive","Night Visions","Imagine Dragons",2012-09-04,186813,82,false,,2025-07-01T21:30:47Z,"","Kid Ina Korner / Interscope",0.448,0.784,9,-3.686,1,0.0625,0.0999,0.000108,0.668,0.237,136.239,4
spotify:track:5jTYmEr7ULA5gNeLZauanu,"music box","music box","NUVILICES;PARIIS",2020-05-13,140615,43,false,,2025-07-01T21:01:59Z,"дарк-R&B","CloudKid",0.752,0.65,8,-5.207,0,0.0794,0.0792,0.000833,0.353,0.549,129.991,4
spotify:track:4SchVjWmm3LJ6Pdlby2Dly,"Doomed","SUPERVILLAIN","Tokyo Project;DEIIN",2025-05-29,153513,42,false,,2025-07-01T14:56:08Z,"дарк-R&B","CloudKid",0.865,0.601,1,-5.707,1,0.0604,0.0356,0.00384,0.0888,0.619,110.954,4
spotify:track:7DVRzkx3RMQBKOuuDRCYxl,"HELLBOUND","SLEEP WHEN I’M DEAD / HELLBOUND","Autumn Kings",2024-08-16,185294,61,true,,2025-06-27T15:00:35Z,"","Hopeless Records",0.632,0.939,1,-3.443,1,0.0482,0.0123,0,0.4,0.653,101.959,4
spotify:track:7xDrRpY4RqYOk1gRf1iMlj,"Glory Days","Glory Days","The Federal Empire",2017-11-20,183860,50,false,,2025-06-26T19:37:15Z,"","The Federal Empire",0.505,0.686,5,-7.095,0,0.0436,0.0915,0,0.139,0.5,74.943,4
spotify:track:5m83RrqVnHDNUsm0aD44PE,"Psycho Violence","Prophecy","Reach",2024-03-29,219570,15,false,,2025-06-26T17:51:16Z,"","Icons Creating Evil Art",0.499,0.907,8,-4.713,1,0.0636,0.0000856,0,0.11,0.673,132.025,4
spotify:track:5Ibc2f9LuHseEwBweBC1zr,"A Million Lives","Prophecy (Deluxe Edition)","Reach",2025-04-30,225201,6,false,,2025-06-26T12:53:29Z,"","Icons Creating Evil Art",0.436,0.678,4,-6.914,0,0.0325,0.0041,0.000109,0.13,0.302,179.855,4
spotify:track:0gaBTCsHg5JsxeQrxoMzXW,"The Law","The Promise of a Life","Reach",2021-04-23,198506,48,false,,2025-06-25T14:45:06Z,"","Icons Creating Evil Art",0.589,0.869,6,-3.629,0,0.0331,0.000684,0.348,0.0965,0.348,120.06,4
spotify:track:31bw0lo0OUzqSt9zbRkpdB,"Young Again","The Promise of a Life (Deluxe)","Reach",2022-06-17,221306,10,false,,2025-06-22T10:15:13Z,"","Icons Creating Evil Art",0.643,0.909,4,-3.083,1,0.0271,0.0182,0.243,0.38,0.518,100.004,4
spotify:track:0nkOtT9JVdSXkFr2oajowg,"Prophecy","Prophecy (Deluxe Edition)","Reach",2025-04-30,249460,9,false,,2025-06-21T19:33:56Z,"","Icons Creating Evil Art",0.527,0.723,0,-6.251,1,0.0544,0.000229,0.000204,0.0692,0.557,82.989,4
spotify:track:6TV2j994iECeQgJTJLRwRW,"The Seventh Seal","The Promise of a Life","Reach",2021-04-23,179266,25,false,,2025-06-21T19:25:25Z,"","Icons Creating Evil Art",0.521,0.782,4,-4.183,0,0.0313,0.00899,0.00411,0.299,0.134,166.012,4
spotify:track:0iBUNQawR3rfxZ3SsTrkum,"Show Me How To Love","Show Me How To Love","Empire Fall",2023-12-21,171034,45,false,,2025-06-21T16:11:49Z,"","EF Militia",0.48,0.949,6,-2.306,0,0.0535,0.0216,0,0.255,0.228,174.012,4
spotify:track:7vcj1FAOYk8gaxatZbVch8,"Ivory Tower","Ivory Tower","Matthew John",2023-10-13,155416,51,false,,2025-06-21T15:12:59Z,"","2205911 Records DK2",0.758,0.701,6,-6.659,0,0.0638,0.0116,0.0125,0.476,0.631,125.942,4
spotify:track:59L8fb7rkBb7PcTNpxJog8,"ALL BY MYSELF","ALL BY MYSELF","Ryan Mitchell",2025-01-10,167880,43,false,,2025-06-21T12:39:50Z,"","Head Bitch Music",0.634,0.765,5,-4.483,1,0.032,0.00133,0,0.172,0.283,111.995,4
spotify:track:2VOh3lbS2dyR7V35FP7yT0,"On We're Gone...","On We're Gone...","LaLion",2023-08-24,219045,31,true,,2025-06-21T12:25:20Z,"","LaLion",0.587,0.794,11,-6.314,0,0.0339,0.0928,0,0.154,0.485,146.026,4
spotify:track:7kGxq205bhv50mEdpx37FX,"Party Girl","It's Not You, It's Me","Kee Nola",2025-01-03,139357,2,true,,2025-06-15T21:43:09Z,"эмо-рэп","EUROVZN c/o NEWWRLD Distribution",0.613,0.495,1,-4.332,1,0.0299,0.00543,0,0.077,0.079,143.024,4
spotify:track:4d5SthcsfXyXjWx4WnYnUO,"The Greatest - Bonus track","The Promise of a Life (Deluxe)","Reach",2022-06-17,192440,41,false,,2025-06-12T14:55:52Z,"","Icons Creating Evil Art",0.603,0.935,3,-4.339,1,0.0383,0.00583,0.0000366,0.127,0.542,109.025,4
spotify:track:2zA3W2Uq2kEFNY7iAw9F2j,"The Law - Zardonic Remix","The Law (Zardonic Remix)","Reach;Zardonic",2021-02-26,230400,39,false,,2025-06-12T14:55:42Z,"индастриал-метал,дэт-степ,драм-н-бейс,драмстеп,индастриал","Icons Creating Evil Art",0.523,0.964,6,-0.991,0,0.0639,0.000898,0.342,0.442,0.176,175.059,4
spotify:track:2rYxkPWsNEaOrJR7fivYqT,"Motherland","The Promise of a Life","Reach",2021-04-23,248240,42,false,,2025-06-12T14:48:05Z,"","Icons Creating Evil Art",0.448,0.883,9,-4.286,0,0.0377,0.00609,0.151,0.19,0.486,184.14,4
spotify:track:4esDZrFzW7QEYBgYyFkd6y,"Mirrors","Fear","Arrested Youth",2018-09-27,186475,44,false,,2025-06-10T12:40:56Z,"","Lowly",0.49,0.864,11,-7.431,0,0.103,0.159,0,0.114,0.478,150.014,4
spotify:track:0H5g2iaL1PZTxfK3vXWcu6,"What Are We Fighting For","Road Through Hell","The Federal Empire",2020-03-25,215915,0,false,,2025-06-10T12:37:40Z,"","Sumerian Records",0.494,0.677,3,-6.974,1,0.0405,0.036,0,0.266,0.594,79.992,4
spotify:track:4dR7rARtF3ghrW92aG5tj0,"Send a Sign","Send a Sign","Midnight Divide",2023-03-31,233100,41,false,,2025-06-07T17:32:26Z,"","Midnight Divide",0.541,0.683,10,-4.673,0,0.0299,0.0126,0.0000806,0.211,0.376,99.983,3
spotify:track:2zq0cCvtsVaOqAIUPSHcfF,"The American Dream","Road Through Hell","The Federal Empire",2020-03-25,185800,0,false,,2025-06-07T12:28:17Z,"","Sumerian Records",0.345,0.81,6,-2.777,0,0.0782,0.311,0,0.545,0.551,171.988,4
spotify:track:0PjnM1QyFN0ymliU56YVE7,"Push","Savages","Royal Deluxe",2019-05-24,242293,38,false,,2025-06-07T11:28:46Z,"","Position Music",0.642,0.558,4,-9.274,0,0.0575,0.0951,0.00088,0.136,0.455,144.908,4
spotify:track:6nu19m6mmmTgVGy7SMJE4W,"Karma","Crying In The Shower","Letdown.",2023-02-24,209347,52,false,,2025-06-06T22:17:35Z,"","Big Loud",0.602,0.662,6,-5.412,0,0.0419,0.0659,0,0.0821,0.5,139.998,4
spotify:track:5HeKOKc4phmLn8e4I7EkzD,"My Blood","Trench","Twenty One Pilots",2018-10-05,229120,72,false,,2025-06-05T12:37:32Z,"","Fueled By Ramen",0.749,0.723,1,-6.609,1,0.0432,0.0563,0.022,0.0977,0.674,108.999,4
spotify:track:0oH9zPhVonZJVRRdZBGbKv,"Cover My traces","The Promise of a Life","Reach",2021-04-23,208666,41,false,,2025-06-04T21:53:17Z,"","Icons Creating Evil Art",0.619,0.721,9,-4.739,0,0.0261,0.0101,0.0374,0.729,0.517,90.002,4
spotify:track:6ITGgQABtRjbBq3AEBXc4o,"Victim","Victim","Halflives",2021-05-28,200666,44,true,,2025-06-04T20:25:08Z,"","Still Standing",0.65,0.618,9,-7.37,0,0.0373,0.0657,0.0000442,0.277,0.366,89.991,4
spotify:track:5hQrrQV1TlUp354fhZegga,"The Circle (0)","The Circle: The Great Jagwar Myth","Jagwar Twin",2023-02-17,175013,42,false,,2025-06-03T21:29:58Z,"","Big Loud",0.624,0.477,7,-10.698,0,0.0347,0.454,0.000291,0.0767,0.0392,121.072,3
spotify:track:2xlkRtT39XugS9k0iuGSYt,"Glitter & Gold","Glitter & Gold","Henri Werner;EHLE",2024-09-20,159529,52,true,,2025-06-03T20:55:51Z,"","Rising Wave",0.204,0.745,6,-3.602,1,0.03,0.125,0.0000107,0.0557,0.394,84.534,4
spotify:track:37dBWnX4JR7DzjNorZN4FN,"Sirens","Wolves","Rag'n'Bone Man",2014-10-24,129320,38,false,,2025-06-03T12:47:58Z,"","Best Laid Plans/Columbia",0.281,0.701,4,-7.103,0,0.194,0.482,0.0341,0.342,0.26,159.929,4
spotify:track:3gy21TwRSP40aUMwcY7Rtq,"Navigating","Clancy","Twenty One Pilots",2024-05-24,223106,71,false,,2025-05-30T13:53:40Z,"","Fueled By Ramen",0.426,0.869,11,-4.361,0,0.14,0.00336,0,0.152,0.328,165.998,4
spotify:track:3Wrjm47oTz2sjIgck11l5e,"Beggin'","Chosen","Måneskin",2017-12-08,211560,88,false,,2025-05-29T14:58:53Z,"","RCA Records Label",0.714,0.8,11,-4.808,0,0.0504,0.127,0,0.359,0.589,134.002,4
spotify:track:7i9763l5SSfOnqZ35VOcfy,"Heavydirtysoul","Blurryface","Twenty One Pilots",2015-05-15,234813,76,false,,2025-05-29T10:33:07Z,"","Fueled By Ramen",0.613,0.873,7,-6.376,0,0.0449,0.00397,0.00111,0.367,0.392,129.989,4
spotify:track:62Qzmx5GLaQWsUZlyx6GWy,"High","The Silent Ones","Sleeping Wolf",2017-08-11,214866,32,false,,2025-05-28T14:49:20Z,"","Sleeping Wolf",0.488,0.736,11,-4.271,1,0.0372,0.0000744,0.0428,0.0996,0.306,149.216,4
spotify:track:6XLL7UWdjktns30kIdghAx,"All the Money in the World","Fake It","KROWNS",2019-01-18,217422,12,true,,2025-05-28T10:22:47Z,"","HOME Music",0.573,0.644,4,-4.576,1,0.0316,0.0641,0,0.105,0.228,89.997,4
spotify:track:0ejgEgQsO3ggnoTuqjYfXK,"High While the World Ends","Fake It","KROWNS",2019-01-18,260415,6,false,,2025-05-27T21:39:40Z,"","HOME Music",0.596,0.633,0,-3.26,1,0.044,0.139,0,0.21,0.332,144.088,4
spotify:track:2VCYAmWY1eNZamBAWt6mtt,"High While the World Ends","High While the World Ends","KROWNS",2018-07-06,260415,37,false,,2025-05-27T20:16:51Z,"","HOME Music",0.596,0.633,0,-3.26,1,0.044,0.139,0,0.21,0.332,144.088,4
spotify:track:0vsW1vAlNYiy9Y5briGT8Y,"Doubt (demo)","Doubt (demo)","Twenty One Pilots",2025-04-09,177940,71,false,,2025-05-22T11:51:48Z,"","Fueled By Ramen",0.721,0.911,2,-1.74,0,0.0387,0.226,0,0.311,0.538,123.017,4
spotify:track:1BANPzYIhCQkJ1ZFq2Fb0O,"Next Semester","Clancy","Twenty One Pilots",2024-05-24,234400,70,false,,2025-05-21T21:15:10Z,"","Fueled By Ramen",0.234,0.823,4,-5.042,1,0.135,0.0225,0.000017,0.11,0.127,174.916,4
spotify:track:2ph6BRhGcUzc2W9wIulG5k,"White Flag","Church Of Scars","Bishop Briggs",2018-04-20,230586,63,false,,2025-05-20T22:02:26Z,"","Teleport Records / Island Records",0.538,0.805,4,-4.08,0,0.0539,0.062,0,0.21,0.357,152.175,4
spotify:track:2FpEXjGqe2dJJ9oB8c8Io2,"Unity","Unity - 10th Anniversary Compilation","TheFatRat",2024-12-06,249285,64,false,,2025-05-19T19:45:36Z,"","Pharisade",0.707,0.88,4,-3.211,0,0.0317,0.00424,0.0379,0.0534,0.564,105,4
spotify:track:0Y84vLtyOj2demvSdJ2l7N,"Пачка сигарет","TEENAGE LOVE","Lizer",2018-07-27,168375,55,false,,2025-05-16T20:14:49Z,"","Lizer",0.72,0.501,0,-10.369,1,0.246,0.654,0.00000264,0.106,0.65,153.945,4
spotify:track:6UB4jP1zTpSCfuXuupgdve,"Triumphant","Fake It","KROWNS",2019-01-18,217567,40,false,,2025-05-16T17:36:08Z,"","HOME Music",0.61,0.903,8,-2.538,1,0.0388,0.0681,0,0.229,0.593,90.002,4
spotify:track:2b7DLstDtmrf5qKseo5dp4,"russian roulette","russian roulette","Ryan Mitchell",2022-06-11,128545,50,false,,2025-05-13T20:45:25Z,"","Ryan Mitchell, Distributed by Cage Riot",0.589,0.659,6,-7.832,0,0.0522,0.00205,0,0.127,0.411,82.41,4
spotify:track:5zPQnVMxyx5xQrvcYDwYZF,"Everything I Need","Everything I Need","Arrested Youth",2025-04-25,183000,0,false,,2025-05-13T20:31:31Z,"","Arrested Youth Records / The Bonnie House",0.443,0.894,2,-4.309,1,0.331,0.0945,0,0.108,0.378,175.982,4
spotify:track:7ckPkNH69ptQK0No02IKon,"U MOVE","LALALove","CG5",2025-02-28,182875,17,false,,2025-05-07T21:56:25Z,"","CG5 LLC",0.786,0.76,5,-4.724,0,0.0472,0.132,0.0000497,0.439,0.909,124.01,4
spotify:track:0cMHHTYnljsZ4CcHsSnEyO,"Trap 3 Little Pigs","The Exum Household","Kyle Exum",2019-07-13,192446,48,false,,2025-05-06T21:02:42Z,"","Kyle Exum",0.824,0.815,1,-5.269,0,0.0992,0.397,0,0.115,0.243,140.027,4
spotify:track:00PYMeyU91Xt0j9UwmEpoX,"Bassthoven","Bassthoven","Kyle Exum;Shawn Wasabi",2020-06-26,127593,53,false,,2025-05-06T20:27:53Z,"","Kyle Exum",0.805,0.735,9,-5.574,1,0.269,0.105,0,0.068,0.951,160.031,4
spotify:track:7DIyNeYrxOGkO6SCgZd6q4,"Come on!","Come on!","Kyle Exum",2024-12-04,131857,62,false,,2025-05-06T20:24:29Z,"","Kyle Exum",0.78,0.761,6,-3.282,0,0.0303,0.0658,0,0.158,0.961,105.014,4
spotify:track:5aXas6Sr8sOFnVeokxtpPV,"Unfaithful","Nonfiction","Arrested Youth",2021-06-25,153274,32,false,,2025-05-04T16:41:16Z,"","Lowly",0.615,0.784,6,-6.106,0,0.0396,0.0572,0,0.0804,0.495,100.02,4
spotify:track:698H9cVLtRJF6zDBoeac4q,"My Friends Are Robots","Fear (Deluxe)","Arrested Youth",2023-09-27,188529,14,false,,2025-05-01T20:08:48Z,"","Lowly",0.544,0.574,0,-8.363,0,0.03,0.0217,0.000157,0.217,0.0906,100.059,4
spotify:track:5oTOGML1wjn4Hj45oVr6si,"Coffee And Drugs (ft. TIMMS)","Coffee And Drugs (ft. TIMMS)","Stileto;TIMMS",2022-04-22,169483,47,true,,2025-04-25T22:07:48Z,"","CloudKid",0.668,0.699,2,-5.704,1,0.0404,0.0153,0.00207,0.149,0.232,120.012,4
spotify:track:5Nakyq7fHFlhxkMfNqG4Fv,"Daredevil","Daredevil","Stellar",2021-07-23,135336,61,true,,2025-04-24T11:08:19Z,"","Stellar",0.815,0.514,11,-6.273,0,0.0499,0.00541,0.000761,0.111,0.565,127.964,4
spotify:track:31CiNhyf5R6Sh88xyfDRrj,"SLINGSHOT","SLINGSHOT","Watt White",2021-10-22,202876,49,false,,2025-04-17T15:59:21Z,"","Never Going to Kill Us LLC",0.585,0.932,5,-4.578,0,0.0517,0.00951,0,0.166,0.66,121.007,4
spotify:track:2xrW6sZRmahuSAQMxO4BmJ,"Rush","Stay","The Score",2019-08-09,176443,53,false,,2025-04-17T13:51:27Z,"","Republic Records",0.7,0.702,7,-4.794,0,0.0309,0.0104,0,0.0981,0.338,90.018,4
spotify:track:6e7HeiJ73JX3VWTWsElnIr,"In My Bones","Stay","The Score",2019-08-09,169121,52,false,,2025-04-15T19:12:51Z,"","Republic Records",0.578,0.678,3,-7.422,0,0.029,0.000132,0.00112,0.132,0.431,84.089,4
spotify:track:3QBATpTo4SWcYPyhOwNFqh,"Natural Villain","Bet on You","The Man Who",2019-11-22,199358,41,false,,2025-04-15T19:02:36Z,"","Virgin Records",0.605,0.69,11,-2.936,0,0.0376,0.000843,0.0000893,0.0948,0.461,94.006,4
spotify:track:6go1MhXiFZw52ulX6Y2huB,"Die Trying","Die Trying","New Medicine",2020-03-13,146333,41,false,,2025-04-14T16:50:10Z,"музыка мизрахит","Starts With Music",0.654,0.644,11,-5.2,0,0.0874,0.0774,0,0.113,0.425,116.897,4
spotify:track:4odr31x5jb892OeaYxVJMN,"Rest In Hell","Rest In Hell","Foreign Figures;Jonny T",2022-03-11,165203,49,false,,2025-04-12T11:10:48Z,"","Foreign Figures",0.592,0.594,2,-5.744,1,0.057,0.101,0.000181,0.199,0.392,84.879,4
spotify:track:4bca5vEisb9ImSQ4PlQh2T,"Down","Bet on You","The Man Who",2019-11-22,216084,44,false,,2025-04-12T11:01:23Z,"","Virgin Records",0.383,0.855,7,-4.559,0,0.0439,0.0000868,0.00115,0.152,0.362,173.782,4
spotify:track:0zz1fiEy1YaEvHGl5qrAiY,"Trapped","Trapped","Once Monsters",2022-06-27,198876,39,false,,2025-04-09T15:05:19Z,"","Once Monsters Music",0.63,0.553,1,-6.494,1,0.0311,0.18,0,0.0814,0.205,99.971,4
spotify:track:4nwhSgxorBzFSZG1OSwoKj,"Clear My Throat","Clear My Throat","Arrested Youth",2025-03-28,164500,0,false,,2025-04-06T14:46:44Z,"","Arrested Youth Records / The Bonnie House",0.618,0.702,5,-4.015,1,0.0317,0.108,0.00174,0.366,0.616,90,4
spotify:track:6ocAYhWFCG83UixvBpwN8P,"Good Life","Detonate","Bohnes",2024-09-06,182105,51,true,,2025-04-02T16:42:10Z,"","Line and Sinker",0.702,0.559,9,-4.134,1,0.0367,0.0236,0,0.128,0.88,96.011,4
spotify:track:1BgZkJd4qbT8ylmj0snRaE,"Money","Money","The Man Who",2022-02-04,184120,38,false,,2025-04-02T15:33:59Z,"","Wax Records",0.475,0.763,2,-4.883,1,0.037,0.00121,0.000075,0.417,0.659,174.962,4
spotify:track:5zTjEYxWBannPFuMFbR2i7,"pSyChOsIs","pSyChOsIs","MYTCH",2022-10-14,145449,0,false,,2025-04-01T18:49:50Z,"дарк-R&B","Is This Thing On?",0.459,0.952,5,-0.199,0,0.206,0.00868,0,0.292,0.691,165.108,3
spotify:track:7ALwI065Xv6J2UIxEErVEk,"The News","Fear","Arrested Youth",2018-09-27,196049,39,false,,2025-04-01T18:49:50Z,"","Lowly",0.565,0.597,11,-7.265,0,0.0338,0.0147,0.0000277,0.103,0.363,137,4
spotify:track:0FIrww6wCyriOjOkB8yZof,"Father Tell Me","Nonfiction","Arrested Youth",2021-06-25,115951,28,false,,2025-04-01T18:49:50Z,"","Lowly",0.662,0.607,0,-6.773,1,0.06,0.0201,0,0.115,0.316,135.194,4
spotify:track:2ytw3jW87lpO4emHByEJJU,"Chains","Prince of Darkness","Stellar",2024-12-06,124851,47,false,,2025-04-01T18:49:50Z,"","Vydia",0.526,0.62,8,-4.489,1,0.0409,0.00361,0.0126,0.081,0.688,179.98,4
spotify:track:33lQztwpMhDovy3A0zzAdU,"Bleed","Bleed","Connor Kauffman",2022-01-05,145454,1,false,,2025-04-01T18:49:49Z,"","Sounds Good",0.333,0.609,9,-5.734,0,0.143,0.0729,0,0.0772,0.725,82.464,4
spotify:track:2aqKUDlHmvZj7B3MB1VDmr,"12 Rounds","206: Act I","Bohnes",2018-03-03,219618,54,false,,2025-04-01T18:49:49Z,"","Nettwerk Music Group",0.524,0.706,1,-5.269,0,0.0771,0.137,0,0.176,0.13,143.187,4
spotify:track:3MmXJ4ivjcRiWgI8UcSttU,"VANS","Fear","Arrested Youth",2018-09-27,157256,36,false,,2025-04-01T18:49:48Z,"","Lowly",0.55,0.713,9,-8.978,1,0.0457,0.111,0.0000477,0.639,0.282,90.019,4
spotify:track:0KGv2NLZjuKzrHBWcx9cHf,"The Fever","Overzealous - EP","Foreign Figures",2018-09-20,185176,0,false,,2025-04-01T18:49:47Z,"","Foreign Figures, LLC",0.68,0.65,1,-3.631,1,0.0309,0.0908,0,0.0535,0.869,79.993,4
spotify:track:3PkMOHYyhhuxkyt5VTFQd6,"down to the river","down to the river","MYTCH",2022-11-18,166917,0,false,,2025-04-01T18:49:45Z,"дарк-R&B","Is This Thing On?",0.48,0.877,9,-1.881,1,0.117,0.0167,0,0.0692,0.463,133.106,4
spotify:track:4PEg5E16B6vpvAJlvpsl9T,"3days","3days","MYTCH",2022-03-25,171851,0,false,,2025-04-01T18:49:44Z,"дарк-R&B","Is This Thing On?",0.47,0.968,8,-1.846,0,0.13,0.0375,0,0.22,0.679,161.994,4
spotify:track:2eOGajNRpY1BEPPZrjIaoe,"Boogeyman","Fear (Deluxe)","Arrested Youth",2023-09-27,209767,24,false,,2025-04-01T18:49:43Z,"","Lowly",0.584,0.752,9,-5.618,1,0.045,0.00431,0,0.0652,0.535,128.91,4
spotify:track:3dh0ehwGAONsJu64cFfYxq,"Vicious","Detonate","Bohnes",2024-09-06,207177,67,true,,2025-04-01T18:49:42Z,"","Line and Sinker",0.723,0.669,7,-5.282,0,0.0289,0.0396,0,0.157,0.629,103.999,4
spotify:track:0PC0SLBklzJagmMTcNQHZu,"Oh Listener Mine","Oh Listener Mine","Double Experience",2018-04-27,212276,34,false,,2025-03-31T22:08:35Z,"","Colfax Music Ltd",0.445,0.825,5,-4.59,0,0.0577,0.00483,0,0.385,0.656,158.153,4
spotify:track:1Vrxv0pjDe3c7DSHE2UQft,"Last Night","Last Night","Drew Jacobs;No Resolve",2023-03-24,165250,49,true,,2025-03-28T12:12:16Z,"кантри-рэп,кантри-рок","Noise Machine",0.524,0.949,3,-2.485,0,0.0563,0.00127,0,0.224,0.496,102.02,4
spotify:track:4nNBsw8SARSMRnXPRHe8sC,"STAY","STAY","No Resolve",2021-08-27,152470,47,true,,2025-03-16T20:44:59Z,"","Noise Machine",0.343,0.948,1,-3.489,1,0.0895,0.00021,0.00000382,0.1,0.596,170.003,4
spotify:track:6PQ4S4l46rTA6w6uH2BJbO,"Set Fire to the Rain","Set Fire to the Rain","No Resolve",2021-02-05,243680,53,false,,2025-03-16T13:55:22Z,"","Noise Machine",0.525,0.913,0,-3.667,0,0.0458,0.000344,0,0.334,0.494,107.991,4
spotify:track:6tHDtYkt3PyR9pSffKRVYz,"UNSTOPPABLE","UNSTOPPABLE","No Resolve;Hinder",2023-05-12,238620,55,false,,2025-03-16T13:44:32Z,"постгранж","Noise Machine",0.349,0.94,8,-3.551,1,0.0745,0.000839,0,0.0899,0.441,174.027,4
spotify:track:5Mk8WhSsYsOwtZ6aWfyS8F,"An Interlude","Fear (Deluxe)","Arrested Youth",2023-09-27,43366,6,false,,2025-03-06T14:08:59Z,"","Lowly",0.471,0.704,1,-10.52,0,0.044,0.117,0.968,0.344,0.365,75.024,4
spotify:track:6J9KF7lAzSsQd5kFbYgVfc,"Воїнам","Воїнам","BURLA",2023-02-23,160000,38,false,,2025-03-04T16:48:37Z,"","Plan",0.835,0.381,6,-6.915,1,0.0503,0.375,0,0.0876,0.687,87.011,4
spotify:track:4HX1f113qsJDmwwGL6QeV7,"pretty girl I’ll make you famous","pretty girl I’ll make you famous","Chandler Leighton",2024-10-18,165077,55,false,,2025-02-25T08:23:00Z,"мелодичный бэйс","Boom.Records",0.662,0.572,4,-7.523,1,0.0718,0.0971,0.00025,0.169,0.171,119.919,4
spotify:track:2GzSl7YAo4uTpfGM8hui38,"Terrified","Book of the Broken","Autumn Kings",2022-08-24,214016,50,true,,2025-02-19T20:47:21Z,"","Autumn Kings",0.53,0.935,8,-4.341,1,0.101,0.0136,0.00000817,0.225,0.288,141.913,4
spotify:track:7vNyCskOqKPMlRKhK4Zvud,"Go For Gold","Book of the Broken","Autumn Kings",2022-08-24,174788,43,false,,2025-02-18T22:15:02Z,"","Autumn Kings",0.43,0.825,11,-6.664,0,0.107,0.0282,0,0.269,0.429,89.821,4
spotify:track:7I16PENFKqT8Qyb06aQpMQ,"Lights Go Out","Electrified","Autumn Kings",2019-04-04,208164,43,true,,2025-02-12T12:37:51Z,"","Autumn Kings",0.754,0.562,1,-6.271,0,0.0384,0.234,0,0.122,0.56,136.112,4
spotify:track:7qyvl6hjd209CrVV01YphP,"No Angels","Prince of Darkness","Stellar",2024-12-06,115056,58,false,,2025-02-12T00:00:37Z,"","Vydia",0.714,0.582,6,-6.207,1,0.0329,0.0162,0.000165,0.368,0.36,119.996,4
spotify:track:5s2fml0UCNpjs9eqamNjfZ,"Dead Or Alive","Dead or Alive","Stileto;Madalen Duke",2021-03-26,147915,59,true,,2025-02-08T22:10:38Z,"","CloudKid",0.692,0.435,10,-6.768,1,0.121,0.33,0.0000126,0.113,0.643,128.262,4
spotify:track:41qoLqCcn0X07B6XW9b28v,"Cravin'","Cravin'","Stileto;Kendyle Paige",2020-05-08,172834,67,false,,2025-02-08T22:10:37Z,"дарк-R&B","CloudKid",0.37,0.527,6,-5.892,0,0.0512,0.414,0.000193,0.109,0.222,75.886,4
spotify:track:3p7gSk05k1edkBezyjqVJa,"Demon Mode","Demon Mode","Stileto;AViVA",2023-02-09,130202,53,false,,2025-02-08T22:10:18Z,"","CloudKid",0.85,0.51,2,-6.463,0,0.0682,0.248,0.00163,0.184,0.516,100.03,4
spotify:track:1QAH5HMnoDt76yBNpLUsHo,"Bloodshot","Warplanes","Sam Tinnesz",2020-05-15,200061,35,false,,2025-02-08T22:06:44Z,"","Tinman Entertainment",0.671,0.762,6,-4.028,1,0.0511,0.0594,0,0.168,0.535,126.02,4
spotify:track:4tvmsvV1aUmbPKdzl19Or9,"River","BRKN LOVE (Deluxe Edition)","BRKN LOVE",2020-11-19,225146,59,false,,2025-02-08T22:06:29Z,"","Spinefarm",0.58,0.663,7,-6.049,1,0.0333,0.00531,0,0.368,0.337,126.922,4
spotify:track:5GkGZMxefumnPoezEUkeUi,"My Friends Are Robots","Fear","Arrested Youth",2018-09-27,188529,46,false,,2025-02-04T12:07:59Z,"","Lowly",0.544,0.574,0,-8.363,0,0.03,0.0217,0.000157,0.217,0.0906,100.059,4
spotify:track:2AlFMtpTdm5vxSL6ric9E8,"1984","Nonfiction","Arrested Youth",2021-06-25,133701,27,false,,2025-01-30T02:30:23Z,"","Lowly",0.664,0.654,9,-6.051,1,0.111,0.279,0,0.729,0.372,89.84,4
spotify:track:5csgjh0c05VwX2cDC8mpkb,"Find My Own Way","Nonfiction","Arrested Youth;Mark Hoppus",2021-06-25,139966,50,true,,2025-01-28T23:30:54Z,"","Lowly",0.716,0.687,8,-6.322,1,0.0422,0.158,0,0.0902,0.652,160.035,4
spotify:track:1PlWeUxBsi4PNx7MFpZOdH,"My Friend","Nonfiction","Arrested Youth",2021-06-25,137964,38,false,,2025-01-24T17:13:06Z,"","Lowly",0.757,0.536,11,-7.589,0,0.0375,0.295,0.0213,0.17,0.296,107.984,4
spotify:track:35R4uqcw0MscGaw05HcUWp,"Free Now","Too Late to Start Over","Arrested Youth",2024-09-06,178013,39,false,,2025-01-24T12:31:11Z,"","Lowly",0.604,0.885,10,-4.497,0,0.0341,0.000906,0.0597,0.209,0.589,121.003,4
spotify:track:6suunQjAKAaTPefqO8RSdU,"Expectations","Sobville (Episode I)","Arrested Youth",2019-11-01,196280,54,false,,2025-01-23T22:28:54Z,"","Lowly",0.672,0.856,9,-4.638,1,0.0632,0.0791,0,0.184,0.712,154.966,4
spotify:track:6mibaVAge7lQvoH731VZJa,"Brightside","Brightside","Arrested Youth",2020-03-13,184881,53,false,,2025-01-23T22:28:53Z,"","Lowly",0.618,0.833,2,-5.149,1,0.0461,0.306,0,0.102,0.598,129.947,4
spotify:track:1iOUOg8NiMGZN8TFLVe8Nl,"Mirrors - Juelz Remix","Fear (The Remixes)","Arrested Youth;Juelz",2020-12-30,169600,33,true,,2025-01-23T22:25:40Z,"edm-трэп,фьюче-бейс,бейс-хаус","Lowly",0.557,0.972,11,-5.517,0,0.0533,0.00198,0.457,0.726,0.638,149.94,4
spotify:track:4X12Mold23lXrAIphrNzMX,"Electrified","Electrified","Autumn Kings",2019-04-04,221191,52,false,,2025-01-23T10:40:06Z,"","Autumn Kings",0.588,0.693,11,-5.534,1,0.0377,0.00849,0,0.0875,0.228,130.558,4
spotify:track:2k01N4Gv6lXCh5zrOG73qy,"HOLOGRAM","ANIMUS","Poe the Passenger",2024-08-07,142154,48,false,,2025-01-23T08:33:36Z,"","Poe the Passenger",0.367,0.898,6,-4.505,0,0.232,0.0769,0,0.163,0.655,159.372,4
spotify:track:0Xw6GSISIwjF9riWIiXUTl,"Send in the Machines","Send in the Machines","Bohnes",2020-10-02,166367,49,false,,2025-01-23T08:33:29Z,"","Nettwerk Music Group",0.654,0.828,10,-5.269,1,0.094,0.0169,0.000453,0.138,0.753,92.464,4
spotify:track:5SeQ0LOAs82lEfWO0b71Bs,"Dig","Sobville (Episode I)","Arrested Youth",2019-11-01,174779,42,false,,2025-01-17T15:34:32Z,"","Lowly",0.595,0.927,0,-4.825,1,0.0826,0.0316,0,0.216,0.719,145.067,4
spotify:track:1QbwTZs9Jgr70kdwvu0NNJ,"Walked Out in the Middle of the Night","Too Late to Start Over","Arrested Youth",2024-09-06,229643,32,false,,2025-01-17T15:29:44Z,"","Lowly",0.535,0.942,0,-4.476,1,0.0506,0.000925,0.0000151,0.135,0.619,139.959,4
spotify:track:1fPNeVWqIvY9HxDhYiurzN,"Sob Story","Sobville (Episode I)","Arrested Youth",2019-11-01,196152,52,true,,2025-01-17T14:56:51Z,"","Lowly",0.617,0.643,2,-5.717,1,0.0412,0.119,0,0.347,0.491,80.012,4
spotify:track:5Z9eCxuDaR7WwlbWNnZ2Av,"Ego","Nonfiction","Arrested Youth",2021-06-25,179892,32,true,,2025-01-16T12:42:24Z,"","Lowly",0.74,0.679,10,-4.128,1,0.0284,0.307,0.0000324,0.0947,0.842,95.028,4
spotify:track:3M0tH6TS6OTbvxtpsDJRRw,"98 Degrees","Nonfiction","Arrested Youth",2021-06-25,167126,52,false,,2025-01-16T12:42:08Z,"","Lowly",0.679,0.804,6,-3.886,1,0.0439,0.0857,0.00000597,0.19,0.64,80.981,4
spotify:track:0LhrfzQDd0nN9If89VAHQT,"Ghost In My Mind","Ghost In My Mind","REBENN;Ellae",2020-05-15,147428,39,false,,2024-12-31T13:55:07Z,"мелодичный хаус","1139798 Records DK",0.588,0.458,3,-7.198,1,0.0405,0.356,0.0000751,0.11,0.0812,139.759,4
spotify:track:3X8Nzz0GZ8UkqHavrbw91H,"moment","moment","SAYSH",2023-05-26,137197,38,false,,2024-12-21T21:47:15Z,"","SAYSH Music",0.71,0.884,6,-4.044,1,0.184,0.245,0,0.06,0.805,142.012,4
spotify:track:2vvMmPGdcZPOXZycjGEqja,"Dark Side","Dark Side","EHLE",2021-12-24,171296,47,true,,2024-12-20T11:31:54Z,"","The Woods",0.693,0.756,5,-5.861,1,0.0351,0.0107,0.0000152,0.0854,0.573,108.024,4
spotify:track:1tzHUJQ9jPDVZYI49cPrMo,"Zombie Love","206: Act I","Bohnes",2018-03-03,218369,58,true,,2024-12-20T11:15:59Z,"","Nettwerk Music Group",0.592,0.689,2,-3.58,0,0.0556,0.117,0,0.543,0.693,71.987,4
spotify:track:5K5CJr063ntb5FtmDDpq01,"headspace (feat. Reckless Jacks)","headspace (feat. Reckless Jacks)","Jennings Couch;Reckless Jacks",2022-09-09,164000,13,false,,2024-12-17T10:44:03Z,"","Scary Bear",0.694,0.62,5,-8.009,0,0.234,0.267,0,0.121,0.941,171.957,4
spotify:track:4x8NvXl37Vx33uDdNSPK4K,"Quit","Quit","Jay Denton;Kissflame",2022-02-28,168506,21,false,,2024-12-11T18:00:30Z,"","Endure Studios",0.479,0.922,4,-5.85,0,0.169,0.00389,0.164,0.203,0.572,86.863,4
spotify:track:0stGIfobSr24jfLzqQWf19,"Sugar We're Goin Down","Sugar, We're Goin Down","Stileto",2021-09-10,158181,28,false,,2024-12-11T10:27:45Z,"","CloudKid",0.268,0.94,7,-1.348,1,0.289,0.0924,0,0.0733,0.666,81.761,1
spotify:track:58hzFlHm1gKIJzRMSt0vWV,"Carry On","Carry On","The Score;AWOLNATION",2020-08-28,169171,56,false,,2024-12-09T14:54:01Z,"","Republic Records",0.549,0.74,0,-5.564,1,0.0324,0.0215,0.000572,0.191,0.397,92.031,4
spotify:track:7HDbbKd5qv67iwVWouTl9p,"I Like to Party","33","Jagwar Twin",2022-09-30,177746,57,false,,2024-12-09T13:14:00Z,"","Big Loud",0.709,0.719,1,-6.353,1,0.0335,0.00114,0,0.484,0.917,119.216,4
spotify:track:2tpWsVSb9UEmDRxAl1zhX1,"Counting Stars","Native","OneRepublic",2013-01-01,257265,91,false,,2024-11-20T15:11:35Z,"","Mosley / Interscope",0.663,0.706,1,-4.972,0,0.0383,0.0654,0,0.118,0.474,122.013,4
spotify:track:7EL8Gw9sYLZ4edKhNsvukI,"Obsessed","Only Gettin Started","Royal Deluxe",2024-03-21,126801,40,false,,2024-11-11T23:10:24Z,"","Position Music",0.705,0.694,0,-6.465,1,0.0382,0.0199,0,0.137,0.512,111.94,4
spotify:track:1nFusfst42jPWjXa8EAhyE,"Shackles","Shackles","Steven Rodriguez",2022-02-07,154500,67,false,,2024-11-05T12:32:16Z,"","3276482 Records DK",0.744,0.499,1,-6.662,0,0.475,0.256,0,0.0648,0.738,179.621,4
spotify:track:5fhvwVytoYeA8hyrUylEzD,"Too Late","Too Late","Kaphy;SFRNG;Brogs",2023-07-04,143959,0,false,,2024-10-05T14:19:50Z,"дарк-R&B,фьюче-хаус","NCS",0.711,0.771,2,-3.584,1,0.0557,0.04,0.00000266,0.0634,0.682,89.026,4
spotify:track:3M5STYdPKnj5cDsDVHqS4r,"Side Effect","Side Effect","FKA Rayne",2022-06-10,126964,51,false,,2024-10-04T20:59:37Z,"","Mad Bell Music",0.376,0.621,1,-7.594,1,0.162,0.0488,0,0.606,0.525,186.439,4
spotify:track:6WkJ2OK163XXS2oARUC9JM,"Dancin (feat. Luvli) - Krono Remix","Dancin (feat. Luvli) [Krono Remix]","Aaron Smith;Krono;Luvli",2014-11-07,198053,19,false,,2024-09-27T10:06:05Z,"","Sony Music Entertainment",0.72,0.741,10,-6.529,0,0.0287,0.101,0.0000141,0.289,0.357,119.896,4
spotify:track:52qLVSx8MpTlYFzDnJmWy3,"Pardon My French","Pardon My French","Gabi Sklar",2023-03-09,141250,47,true,,2024-09-25T07:23:37Z,"","Champagne Therapy Music Group / Distrokid",0.745,0.665,9,-6.822,0,0.0587,0.303,0,0.467,0.744,120.024,4
spotify:track:1pNc8cWHRbSMBqKt8nU9HA,"Notice Me - Demonlord Version","ReZero","Zius Lit",2023-10-12,213710,26,true,,2024-09-22T01:04:47Z,"аниме-рэп","Zius Lit",0.771,0.699,2,-9.1,1,0.209,0.0354,0.000171,0.137,0.383,123.04,4
spotify:track:1tBTGM9KtbCZvt6EPXWGrP,"HOUNDIN PT. II","HOUNDIN PT. II","Layto;AViVA",2022-05-13,194887,42,true,,2024-09-21T17:57:32Z,"дарк-R&B","left on read music group",0.67,0.543,0,-8.484,1,0.0356,0.0175,0,0.145,0.407,133.028,4
spotify:track:2UgMfLkC4LgIdNsfmZghKC,"In Love With a Ghost","In Love With A Ghost","AX.EL",2023-08-08,166685,0,false,,2024-09-19T12:10:11Z,"","NCS",0.668,0.511,7,-4.932,0,0.0587,0.0404,0.0000424,0.0741,0.35,144.831,4
spotify:track:5StQDoFQTDElQjMnfk8qIy,"Poison","Messy","Stevie Bill",2022-11-11,124000,40,false,,2024-09-13T23:38:25Z,"","+31 Records",0.681,0.608,2,-6.55,0,0.0373,0.0672,0.000798,0.129,0.47,119.881,4
spotify:track:76KEZ73AO2wdv0c0cREuIb,"Legend","Just Getting Started","Carry the Throne",2023-01-13,174620,50,false,,2024-09-12T11:15:53Z,"","Mighty Maverick Music",0.59,0.815,10,-7.187,0,0.183,0.0203,0.00000242,0.0965,0.493,145.01,4
spotify:track:4c05QTqFo8XSgUHmwm6wNF,"Devil Knows","Devil Knows","Armen Paul",2021-04-16,155440,0,false,,2024-09-11T00:24:08Z,"","Armen Paul",0.503,0.369,9,-10.445,1,0.0583,0.485,0,0.316,0.242,126.324,4
spotify:track:2WGsAy9USGySSbGweGNHw9,"I Wanna Be Your Slave","I Wanna Be Your Slave","Neverlove",2021-09-20,172881,0,true,,2024-09-10T17:13:34Z,"","OSUMA",0.523,0.972,1,-3.094,0,0.0879,0.00102,0,0.856,0.708,135.016,4
spotify:track:26z4oOp5lXVOCV0EAQy55h,"Counting Stars","Counting Stars","No Resolve;Saving Abel",2023-03-03,232184,59,false,,2024-09-09T23:15:52Z,"постгранж","Noise Machine",0.52,0.949,6,-2.412,0,0.0808,0.000758,0,0.308,0.509,118.997,4
spotify:track:1uEeERCbA5K3IYwuba33qi,"Dangerous Hands","Dangerous Hands","Austin Giorgio",2023-06-02,190736,60,false,,2024-09-09T20:37:13Z,"","RetroGio Productions, LLC",0.693,0.669,1,-6.082,0,0.0343,0.34,0.00000143,0.0755,0.766,95.023,4
spotify:track:3ulmudDek1H8YxWxf7ZDI7,"Jericho - Shiloh Cinematic Remix","Jericho (Alternate Mixes)","Iniko;Shiloh Rodriguez",2023-09-08,157133,54,false,,2024-09-07T18:54:30Z,"","Columbia",0.604,0.83,2,-5.997,0,0.0563,0.188,0.0000282,0.296,0.332,153.986,4
spotify:track:5c6ATjKMjt4XW5JwmikRBh,"Escape","Escape","Col3man",2023-06-23,154255,0,false,,2024-09-07T18:47:12Z,"","Col3man",0.835,0.407,0,-12.628,0,0.236,0.785,0.011,0.106,0.297,127.976,4
spotify:track:4btPFFVz1aZ7RtrIIwe23t,"IDFLU","IDFLU","Silent Child;DREAMERS",2023-04-14,172235,33,true,,2024-09-06T00:06:56Z,"","CloudKid",0.425,0.767,4,-3.576,0,0.196,0.0757,0,0.164,0.598,167.715,4
spotify:track:1gwH3pIDl9vq1Gk8omqd15,"VOICES","Two Sides of the Same Coin (Music from the Visual Album)","Ben Schuller",2023-11-30,109959,36,false,,2024-09-05T21:55:56Z,"","BenSchullerMusic",0.422,0.487,11,-7.969,0,0.215,0.432,0.00000192,0.128,0.335,90.119,3
spotify:track:0d63WZtUkVpYqMub4BtnSL,"The Burning of a Salem Witch","The Burning of a Salem Witch","THØRNS",2022-08-01,176355,42,false,,2024-09-05T21:03:28Z,"вокалоид","Uncle Joe's Record House",0.625,0.803,1,-7.397,1,0.0449,0.0192,0,0.436,0.583,132.906,4
spotify:track:71TllmvaRn6QpAea2gUyRi,"Illuminati","Illuminati","ONICKS",2021-09-22,194656,47,true,,2024-09-04T18:43:23Z,"","Onicks",0.755,0.543,7,-6.393,0,0.059,0.498,0.000761,0.0867,0.207,91.01,4
spotify:track:6ZKgB4ZyHgXACMNRWA5Ifl,"Steppin' Stone","Righteous Path","Devon Sants;Tom Frear",2023-05-05,123678,14,false,,2024-09-03T17:32:46Z,"южная готика","Devon Sants",0.853,0.524,9,-6.646,1,0.0657,0.0717,0.0000169,0.0637,0.876,95.056,4
spotify:track:5qCIvnEOYH7fHuc5YEeZcX,"Can't Get You out of My Head","Can't Get You out of My Head","Mattis",2020-03-20,152986,38,false,,2024-09-01T22:30:18Z,"","Lobster",0.541,0.734,3,-4.685,0,0.0503,0.598,0.321,0.207,0.666,95.133,4
spotify:track:5Ka2JmshwcdQNUPFQqej1c,"Seven Nation Army","Seven Nation Army","Stevie Howie",2023-11-24,199354,59,false,,2024-08-31T22:53:56Z,"дарк-R&B","Stevie Howie",0.753,0.447,11,-11.841,0,0.166,0.156,0.000364,0.108,0.592,123.934,4
spotify:track:3zN4WcP9nzXzmK2RCChWAm,"Saints of the Sinners","Saints of the Sinners","The Faim",2018-02-05,182989,47,false,,2024-08-29T18:52:13Z,"","BMG Rights Management (US) LLC",0.597,0.614,7,-5.377,1,0.0936,0.0427,0,0.0441,0.607,169.999,4
spotify:track:4jXbcY2ulVT7MOPdN8nR50,"Lonely","The Bastards","Palaye Royale",2020-05-29,186249,1,true,,2024-08-28T21:23:26Z,"","Sumerian Records",0.622,0.619,2,-6.4,0,0.0561,0.0624,0,0.081,0.483,147.965,4
spotify:track:03xuczsbpkih3Y67LzgdCm,"TO THE GROUND","TO THE GROUND","Chad Walt",2023-08-18,174008,36,false,,2024-08-28T19:53:25Z,"прогрессивный хаус","5:30am swim champ",0.606,0.537,3,-4.696,0,0.0475,0.0558,0,0.0918,0.258,180.022,4
spotify:track:0UhWFmdlrBSmZ7A6bFD8L9,"C'est la vie","Pillows & Therapy","Weathers",2021-08-13,194024,56,false,,2024-08-28T15:31:03Z,"","Bitter Kid Records",0.582,0.792,6,-4.742,0,0.111,0.0244,0.00000179,0.175,0.627,91.998,4
spotify:track:6V1QKILzi6TtSWxayqUzJu,"Wild","Wild","eleventyseven",2021-05-28,181413,25,true,,2024-08-28T15:04:45Z,"христианский рок,христианский альтернативный рок","Rock Candy Recordings",0.684,0.577,7,-7.381,0,0.0376,0.0692,0.0000043,0.0609,0.674,79.967,4
spotify:track:0SACHSO3zWyljwcPkLOWOd,"Holy Smokes","Holy Smokes","Bohnes",2023-10-06,194039,36,false,,2024-08-16T07:46:10Z,"","Line and Sinker",0.508,0.887,0,-4.495,0,0.0818,0.0659,0,0.266,0.338,158.181,4
spotify:track:0P5FzJPQcMi6Fx7pY31hlP,"What You're Made Of","Sobville (Episode I)","Arrested Youth",2019-11-01,188165,58,true,,2024-08-15T00:41:44Z,"","Lowly",0.792,0.683,10,-5.293,1,0.0301,0.129,0,0.0793,0.775,93.972,4
spotify:track:1E4cFLoLXgwArLJQDlCwjL,"Slither","206: Act I","Bohnes",2018-03-03,165753,48,true,,2024-08-14T23:17:51Z,"","Nettwerk Music Group",0.776,0.622,2,-8.132,1,0.127,0.0202,0.00000424,0.341,0.264,102.984,4
spotify:track:2qy2OOLaDp9gUHXeKozBxn,"Hangover Heartache","Hangover Heartache","Highlnd",2020-03-27,202213,41,true,,2024-08-14T17:48:00Z,"мелодичный бэйс,фьюче-бейс","Highlnd",0.584,0.714,0,-3.808,0,0.223,0.391,0,0.299,0.741,139.777,4
spotify:track:5a5SHn7iclwlN0ZzWHvnn3,"Chains","Chains","Stellar",2024-06-14,124851,0,false,,2024-08-12T21:29:14Z,"","Vydia",0.546,0.601,5,-7.7,0,0.0476,0.000443,0.0853,0.0758,0.599,180.071,4
spotify:track:31TUsfxhYWIlHoXYWQsbRO,"Rip","Rip","Matt Kent",2021-05-21,155736,27,false,,2024-08-08T15:50:44Z,"","Caelum Music Production",0.856,0.267,11,-11.624,0,0.0932,0.668,0.00594,0.101,0.806,119.99,4
spotify:track:1JE1ldlo7ngrkIccU8ZBvy,"Just Another Day","Just Another Day","Jason Weaver",2023-09-21,164624,21,false,,2024-08-08T14:04:37Z,"","Jason Weaver",0.893,0.382,8,-11.188,1,0.11,0.118,0,0.0283,0.7,90.018,4
spotify:track:7u9gUIq2jVEnIgUXAVXnBb,"Unsubstantial","Unsubstantial","Anya Nami",2023-09-29,100128,0,false,,2024-08-08T13:16:02Z,"","Godwyn Records",0.63,0.696,6,-8.933,0,0.0579,0.328,0.0134,0.492,0.547,120.174,4
spotify:track:0DMEPd6siQrOQTFCDGNnOj,"Voice Notes","Voice Notes","Demi the Daredevil;Ethan Gander",2023-09-15,123422,47,false,,2024-08-08T13:13:41Z,"","Adventure Cat Records",0.706,0.56,11,-5.027,0,0.0507,0.106,0,0.101,0.945,167.894,4
spotify:track:7zqY90X0UTKvG0vG0u57eO,"Fight Like The Devil - Nightcore","Fight Like The Devil (Nightcore)","Cherry 葵 Nightcore;ZeroMizKun Nightcore;Onlap",2024-07-26,216350,18,false,,2024-08-07T15:16:12Z,"найткор","Cherry 葵",0.46,0.983,8,-2.676,1,0.144,0.00275,0,0.126,0.161,123.37,4
spotify:track:6EzGBl8fw0QN0SBqwDcexq,"Playing The Odds","Playing The Odds","Elijah Flowers",2024-07-26,98488,13,true,,2024-08-07T15:00:57Z,"","Elijah Flowers",0.791,0.891,4,-3.22,1,0.191,0.114,0,0.17,0.5,128.82,4
spotify:track:286QlG0bSnI9BBfOQBl0L2,"Ghost","Ghost","BoyWithUke",2024-08-01,238726,49,false,,2024-08-07T09:42:35Z,"","BoyWithUke",0.44,0.722,10,-6.015,0,0.0691,0.235,0.0000377,0.111,0.373,169.982,4
spotify:track:0EgLxY52mpGsXETyEsgVlP,"HOPE","HOPE","NF",2023-04-07,264473,71,false,,2024-08-06T23:12:23Z,"христианский хип-хоп","NF Real Music II",0.546,0.787,0,-4.023,0,0.212,0.396,0,0.0619,0.497,100.559,3
spotify:track:6CFQY9ZI4fSqMM9TEEPqAY,"Great Time To Be Human","Great Time To Be Human","Jagwar Twin",2023-04-14,203108,53,false,,2024-08-06T22:15:01Z,"","Big Loud",0.675,0.637,4,-5.078,1,0.101,0.197,0,0.147,0.585,84.717,4
spotify:track:14y9gC1hes8coRuZ2Pod2l,"The Noise","The Noise","Oh The Larceny",2024-08-01,151777,26,false,,2024-08-06T18:41:46Z,"","Position Music",0.598,0.767,0,-6.475,1,0.0322,0.00437,0.000511,0.092,0.513,134.983,4
spotify:track:1QO4QjFDpibHdYoOlTGH6x,"Gods Don’t Pray","LOOM","Imagine Dragons",2024-06-28,169893,60,false,,2024-08-05T01:42:40Z,"","KIDinaKORNER/Interscope Records",0.659,0.639,0,-7.158,0,0.0991,0.0162,0,0.0712,0.639,166.004,4
spotify:track:5XUuldRjPXcP5QxyEN4IXT,"Voices In My Head","Voices In My Head","Falling In Reverse",2022-05-31,191414,64,true,,2024-08-01T16:46:33Z,"змо,рэп-метал","Epitaph",0.546,0.898,2,-3.067,0,0.162,0.0266,0,0.129,0.639,173.17,4
spotify:track:6rdga62e70bV9Mll0X8UJ5,"Drinking with Cupid","Happy Never After","VOILÀ",2022-10-07,172939,66,false,,2024-07-25T21:34:46Z,"","VOILA",0.706,0.747,2,-5.401,1,0.0364,0.0122,0.0153,0.111,0.555,149.954,4
spotify:track:6BOgN046AFobs2sZV7YlRy,"Wake Up","LOOM","Imagine Dragons",2024-06-28,166706,69,false,,2024-07-25T18:46:33Z,"","KIDinaKORNER/Interscope Records",0.772,0.724,1,-3.965,1,0.0391,0.0115,0.000253,0.122,0.69,108.982,4
spotify:track:2Wop6FEmIstWTMeQb0TXcw,"Take Me to the Beach","LOOM","Imagine Dragons",2024-06-28,167080,65,false,,2024-07-25T18:37:36Z,"","KIDinaKORNER/Interscope Records",0.822,0.673,8,-5.242,1,0.0762,0.0182,0,0.208,0.883,104.995,4
spotify:track:213x4gsFDm04hSqIUkg88w,"On Top Of The World","Night Visions","Imagine Dragons",2012-09-04,192280,78,false,,2024-07-25T18:23:14Z,"","Kid Ina Korner / Interscope",0.63,0.924,0,-5.589,1,0.145,0.0841,0.00000356,0.084,0.763,100.045,4
spotify:track:7xDd7gl6AGgpiOz5trz4dM,"Eyes Closed","LOOM","Imagine Dragons",2024-06-28,200026,71,false,,2024-07-25T18:23:14Z,"","KIDinaKORNER/Interscope Records",0.718,0.68,10,-7.234,0,0.0682,0.0401,0.000344,0.0742,0.496,86.997,4
spotify:track:6tcFwJQCo0CuifAPColfpv,"Meaningless","PERFECT MARRIAGE REVENGE, Pt. 1 (Original Television Soundtrack)","Collie",2023-10-29,199743,29,false,,2024-07-24T12:52:41Z,"","Genie Music Corporation, Stone Music Entertainment",0.708,0.694,4,-3.473,0,0.145,0.0517,0,0.328,0.251,122.871,4
spotify:track:3npRRCzsLAalhm68veaCoC,"Crazy","Uncovered, Vol. 1","Crypto;Liza",2023-09-01,186285,31,false,,2024-06-24T20:02:27Z,"дарк-R&B","CloudKid",0.422,0.771,8,-4.609,1,0.0579,0.243,0,0.343,0.359,104.22,4
spotify:track:4Jp6tvGtOgR4iQ9c86XVAi,"Skin Of A Saint","Skin Of A Saint","Connor Kauffman",2024-05-10,135771,0,false,,2024-06-23T14:59:25Z,"","Sounds Good",0.543,0.816,10,-5.166,0,0.0473,0.0304,0,0.0607,0.417,87.528,4
spotify:track:2LFE9olbxpqjtQaoGJLk9x,"Bad Romance","DUALITY","CRMNL",2024-02-29,241500,10,false,,2024-06-23T14:59:14Z,"","Position Music",0.642,0.763,8,-4.915,1,0.0341,0.0191,0,0.366,0.45,119.975,4
spotify:track:0VtVQkIUcKn6KDt35HHvmq,"A Little Bit Dangerous","Trouble","CRMNL",2017-12-18,194640,44,false,,2024-06-22T23:31:45Z,"","Position Music",0.583,0.685,10,-5.423,0,0.0274,0.00213,0,0.0475,0.38,89.005,4
spotify:track:6S5Mslm6Lo0VIx9gvsxend,"Breathe","Breathe","Aron Dee",2023-06-30,204287,17,false,,2024-06-22T20:52:09Z,"","Aron Dee",0.536,0.726,4,-6.692,0,0.0361,0.0127,0.00197,0.334,0.154,102.014,4
spotify:track:0lrrOTSB1vEOEphSG8CSsD,"Survivor","Survivor","All Good Things",2022-07-22,193840,56,false,,2024-06-22T15:03:08Z,"","Better Noise Music",0.236,0.902,1,-4.381,1,0.0943,0.00788,0,0.291,0.73,80.156,4
spotify:track:5oJqazSG33b2KqPbVxkWlv,"Dangerous","Dangerous","Paul Draco",2023-11-17,133980,20,false,,2024-06-22T01:58:20Z,"","Draco's Dungeon",0.639,0.713,0,-6.635,0,0.107,0.0763,0,0.0927,0.949,102.972,4
spotify:track:0kNTRtBufVVgx7XHRWceKS,"Devil Inside","II","CRMNL",2019-08-09,175465,42,false,,2024-06-22T01:05:59Z,"","Position Music",0.506,0.835,3,-3.887,0,0.081,0.0612,0,0.187,0.575,171.744,4
spotify:track:1GHjVV6Dv353VCjzAZKkUV,"Coincidence - Sped Up","Coincidence","Rosse",2023-04-14,171649,41,false,,2024-06-22T00:44:06Z,"","Rosse",0.625,0.934,0,-2.504,0,0.0549,0.000463,0.00005,0.0734,0.494,144.011,4
spotify:track:41ixidNZrWkDbUM4qMar0Q,"Do My Thing","About to Happen","Oh The Larceny",2023-03-02,178359,45,false,,2024-06-22T00:42:10Z,"","Position Music",0.663,0.926,2,-3.993,1,0.0292,0.00985,0.0395,0.0976,0.684,128.039,4
spotify:track:71jmcCezag5sUPPMLpD2Mh,"Erupt (ft. AViVA)","Erupt (ft. AViVA)","Stileto;AViVA",2023-10-30,148965,35,true,,2024-06-22T00:39:30Z,"","CloudKid",0.566,0.712,4,-4.873,0,0.0443,0.444,0.00000177,0.332,0.303,72.508,4
spotify:track:07Jp78AgohesnVw8yG70Od,"We Disappear","Behind you touch OST Part 4","JEMMA",2023-09-03,212110,38,false,,2024-06-16T00:18:38Z,"","스튜디오 마음C, SLL",0.61,0.299,11,-7.326,0,0.0344,0.755,0.0000242,0.107,0.28,76.025,4
spotify:track:0dtXROzK4COOzhbQV3dVlM,"The Answer","The Fair (Original Television Soundtrack) [from ""Drama Stage 2021""]","JEMMA",2021-04-08,222999,5,false,,2024-06-16T00:11:08Z,"","Genie Music Corporation",0.299,0.198,5,-9.318,0,0.0285,0.872,0.00000306,0.139,0.0616,142.5,4
spotify:track:6pBYlK6HXWXcTSbCGT66k1,"SHRINE","Hierarchy (Soundtrack from the Netflix Series)","JEMMA",2024-06-07,197194,35,false,,2024-06-10T19:42:47Z,"","Genie Music Corporation, Stone Music Entertainment",0.491,0.571,5,-7.083,0,0.0347,0.166,0.00000408,0.0866,0.126,175.864,4
spotify:track:6TyqP40vy0fskupWaEc4u5,"Hustler","Golden Age","Zayde Wølf",2016-11-04,194771,55,false,,2024-06-03T23:41:57Z,"","Zayde Wolf",0.575,0.857,11,-4.287,1,0.0456,0.0393,0,0.0919,0.889,81.999,4
spotify:track:0FlDXblb4uSXEWg5XWnBTy,"Raging on a Sunday","206: Act II","Bohnes",2018-11-23,208880,66,true,,2024-06-03T23:18:29Z,"","Nettwerk Music Group",0.48,0.83,3,-6.665,0,0.071,0.129,0.000633,0.264,0.47,149.878,4
spotify:track:2GxrNKugF82CnoRFbQfzPf,"i like the way you kiss me","i like the way you kiss me","Artemas",2024-03-19,142514,81,false,,2024-05-27T19:52:01Z,"","Artemas",0.599,0.946,11,-4.263,1,0.0447,0.000938,0.0106,0.0826,0.747,151.647,4
spotify:track:3ACM1jxZjXODylcYuYazcL,"Best Part","Carry On","The Score",2020-08-28,177898,41,false,,2024-05-27T00:43:52Z,"","Republic Records",0.501,0.699,2,-6.007,1,0.0374,0.000156,0.0000371,0.203,0.312,159.987,4
spotify:track:1Xi84slp6FryDSCbzq4UCD,"Arcade","Arcade","Duncan Laurence",2019-03-07,183624,77,false,,2024-05-23T00:23:34Z,"","Universal Music B.V.",0.459,0.331,9,-12.603,0,0.0421,0.817,0.00104,0.135,0.271,72.023,3
spotify:track:3ZYN2cfyCFn4NuWxEW9tuh,"Outside","Act IV: Awake","The Seige",2018-03-27,215166,52,true,,2024-05-17T00:38:46Z,"","The Seige",0.633,0.899,6,-2.753,0,0.224,0.0178,0,0.09,0.441,129.948,4
spotify:track:2wv4DMD5XnwOJ9Qu8Zzich,"РОЗТОПИ","РОЗТОПИ","BURLA",2023-11-10,159898,29,false,,2024-05-06T17:47:19Z,"","PLAN",0.573,0.696,5,-9.685,0,0.0562,0.322,0.000229,0.168,0.717,75.032,4
spotify:track:5uL4f3tGdcsIDThNcJ7CHS,"10","10","BURLA",2024-02-23,157590,32,false,,2024-05-06T17:47:04Z,"","PLAN",0.592,0.729,0,-6.538,0,0.391,0.204,0.0000177,0.117,0.581,82.768,4
spotify:track:5d7P5eapBbN3gfce5ARfuh,"Fake","Fake","The Tech Thieves",2018-08-03,141176,61,false,,2024-05-06T13:49:55Z,"","Tigerbright",0.655,0.431,3,-7.078,0,0.0373,0.392,0.00178,0.096,0.549,169.978,4
spotify:track:0Cz3LgsBXYwe0vM42614Gn,"Going Home","ATLAS (Deluxe)","The Score",2017-10-13,198480,47,false,,2024-05-04T18:55:53Z,"","Universal Records",0.615,0.848,2,-3.928,1,0.0273,0.00563,0,0.126,0.547,90.03,4
spotify:track:1wybXxUeY5yj4Zi7d6jAaW,"Welcome to the Fire","Welcome to the Fire","Willyecho",2017-08-29,202250,0,false,,2024-05-03T18:23:57Z,"","Willyecho",0.597,0.522,2,-5.683,0,0.0331,0.297,0,0.0854,0.334,119.792,4
spotify:track:3SMRRDZmFDjA3Q4nHdMfmT,"Heroes","Rare Breed","Zayde Wølf",2016-04-01,222413,56,false,,2024-05-03T17:57:41Z,"","Zayde Wolf",0.517,0.714,5,-4.529,0,0.0389,0.257,0,0.0683,0.311,86.927,4
spotify:track:2xVyWv5f31wI37XeYbXjWJ,"Bulletproof (with XYLØ)","Bulletproof","The Score;XYLØ",2019-12-13,190106,51,false,,2024-05-02T17:51:11Z,"","Republic Records",0.548,0.714,2,-6.207,1,0.086,0.0117,0,0.132,0.533,77.683,4
spotify:track:40CASSesK4IyM8Ud5sMsdp,"Best Part","Best Part","The Score",2020-04-24,177642,36,false,,2024-04-30T14:37:05Z,"","Republic Records",0.503,0.697,2,-6.009,1,0.0364,0.000166,0.000025,0.159,0.312,159.992,4
spotify:track:5X3T8jHNIJSXviiDmiBdz0,"Enemy","Cinematic Songs (Vol. 6)","Tommee Profitt;Beacon Light;Sam Tinnesz",2019-08-23,190200,68,false,,2024-04-28T16:55:44Z,"","Tommee Profitt Studios (GSMF)",0.581,0.803,2,-4.935,0,0.152,0.343,0,0.0939,0.0686,124.992,4
spotify:track:4o120XeV8els1S5bu7mzBX,"Eyes Closed","Eyes Closed","Imagine Dragons",2024-04-03,200010,60,false,,2024-04-15T12:37:40Z,"","KIDinaKORNER/Interscope Records",0.62,0.679,10,-7.116,0,0.108,0.0375,0.000625,0.0691,0.481,173.912,4
spotify:track:3LZYLJ6wER04HuY5YwvZwB,"Greedy","Greedy","Kaila Hoy;Mblue;L3ss",2024-04-10,143013,23,true,,2024-04-15T12:37:27Z,"","CloudKid",0.472,0.741,9,-3.929,0,0.0811,0.191,0,0.132,0.341,145.881,4
spotify:track:41komUjyJaQVegPfEZWxVD,"We Need Therapy","We Need Therapy","Platinum Moon",2024-03-22,160500,34,false,,2024-03-27T02:26:46Z,"","1000924 Records DK2",0.477,0.915,3,-4.755,1,0.0935,0.0136,0,0.11,0.51,184.005,4
spotify:track:0T9GlvKevHNqkAWsNqIC5p,"What's Next (Zoom Zoom)","What's Next","Matthew Goodman;Matthew Bento",2024-03-22,126792,0,false,,2024-03-26T18:58:21Z,"","A&G Records",0.812,0.57,1,-12.526,1,0.0973,0.0737,0.0307,0.0836,0.869,106.047,4
spotify:track:2qdN8sKTKmsKH09n7WC6G4,"В одній кімнаті","Спокій","Tember Blanche;макс пташник",2024-03-22,244323,10,false,,2024-03-26T16:30:49Z,"","Tember Blanche",0.53,0.504,9,-10.492,1,0.108,0.357,0,0.163,0.333,87.258,4
spotify:track:4TXpGOeTiwn62w3gjicBW7,"Спокій","Спокій","Tember Blanche;макс пташник",2024-03-22,243434,18,false,,2024-03-26T16:30:44Z,"","Tember Blanche",0.595,0.36,0,-13.011,1,0.128,0.319,0,0.192,0.139,119.875,4
spotify:track:7cR8UvZNIfef8rXGKkGOnX,"Думками","Лінза","BOTASHE;ХАС",2024-03-21,217681,28,false,,2024-03-26T16:30:31Z,"","BOTASHE",0.782,0.598,5,-6.552,0,0.041,0.324,0,0.336,0.459,134.952,4
spotify:track:5DtLkQnQfzJYj8QBJKYiqS,"Down With The Wolves","Down With The Wolves","The Score;2WEI",2024-03-22,191000,42,false,,2024-03-26T16:30:21Z,"","The Score",0.243,0.769,11,-6.493,0,0.0478,0.0113,0.0000429,0.139,0.298,175.862,4
spotify:track:4SayqHuZh0P0wMeCHJbgdn,"All Or Nothing - Nightcore","All Or Nothing (Nightcore)","Cherry 葵 Nightcore;ZeroMizKun Nightcore;MindHivers",2023-10-27,141442,8,false,,2024-03-25T18:33:01Z,"найткор","Cherry 葵",0.601,0.764,9,-6.797,0,0.277,0.432,0,0.293,0.317,144.433,4
spotify:track:6JhVAGSbmo5rJ1mx6uZieV,"Mind Of Mine","Mind Of Mine","Lø Spirit",2022-05-13,164667,55,true,,2024-03-22T15:56:04Z,"мелодичный бэйс","Misfit Radio",0.539,0.679,1,-5.642,0,0.0598,0.168,0,0.191,0.251,164.199,4
spotify:track:2GJ1xx5ZoeIJYbQKLSpoZ3,"Finish Line","Victorious","Skillet",2019-08-02,206060,65,false,,2024-03-22T15:49:53Z,"христианский рок,христианский альтернативный рок,христианская музыка","Atlantic Records",0.53,0.803,5,-5.031,0,0.0386,0.0545,0,0.316,0.565,80.992,4
spotify:track:3UxXEGw1UDAL4KBooq2VxY,"Therapy","Happy Never After","VOILÀ",2022-10-07,201391,67,false,,2024-03-15T02:42:11Z,"","VOILA",0.676,0.654,1,-7.477,0,0.0348,0.000823,0,0.105,0.377,101.937,4
spotify:track:3CYBvI2kRCPPFnIeZdSLcn,"Fire Up the Night","Breaking the Model","New Medicine",2014-08-25,178280,1,false,,2024-03-15T02:25:31Z,"музыка мизрахит","New Meds Records/The Fuel Music",0.543,0.948,8,-4.554,1,0.0838,0.0469,0,0.326,0.688,170.089,4
spotify:track:1VMBapbhHidf6ALFszT7w1,"Lonely","Mercury - Acts 1 & 2","Imagine Dragons",2022-07-01,159851,67,false,,2024-03-15T02:22:27Z,"","Kid Ina Korner / Interscope",0.714,0.73,0,-5.564,1,0.0438,0.0256,0,0.177,0.873,97.983,4
spotify:track:1sWeSMifj6Z6kZyI6z3bRc,"Warriors","Smoke + Mirrors (Deluxe)","Imagine Dragons",2015-05-11,171040,73,false,,2024-03-15T02:16:45Z,"","Kid Ina Korner / Interscope",0.365,0.851,4,-6.238,0,0.0645,0.0964,0.003,0.237,0.309,78.086,4
spotify:track:6rxg0FQVPo3pCHVPEIXemQ,"Unfortunate","Unfortunate","Shumaq",2023-08-02,81000,33,true,,2024-03-10T13:59:56Z,"","Miracle Melody",0.79,0.631,8,-5.233,0,0.296,0.411,0.00000134,0.109,0.55,79.919,4
spotify:track:3xZkvr3ZzAnERECdi5WbaJ,"Heads Are Gonna Roll","Heads Are Gonna Roll","RDGLDGRN;Madalen Duke",2023-08-15,126857,27,false,,2024-03-09T23:27:44Z,"регги-рок","Deuce Day World Recordings",0.629,0.85,1,-3.935,0,0.1,0.116,0,0.502,0.495,139.967,4
spotify:track:3EDMdveR04adeNCcbPsZpg,"Driving Out West","Driving Out West","Wombino;BBE DRECO",2023-05-05,153479,37,false,,2024-03-09T22:57:16Z,"","Demonti Records",0.515,0.588,0,-10.48,1,0.375,0.238,0,0.103,0.708,175.515,4
spotify:track:0Qz1HQLsIaS0E7P7C7kKR5,"Ted Lasso","Ted Lasso","Thorb",2023-04-19,149256,8,true,,2024-03-09T01:57:55Z,"","ThorbFeaturingThorb",0.822,0.499,10,-11.27,0,0.319,0.0449,0,0.547,0.795,121.127,4
spotify:track:4B5NDhzVIQIxvKLr2oDjtb,"PROUD OF ME","PROUD OF ME","PURPLEGENESIS!",2023-03-17,87264,12,true,,2024-03-08T21:02:24Z,"аниме-рэп","GENESIS4EVER",0.739,0.635,10,-8.941,0,0.0968,0.161,0.00000155,0.0977,0.0489,77.048,4
spotify:track:599JgEIBJDH0lvJh01FrWS,"FINALE","FINALE","Byron Rhodes;Fvmeless;Oddly Godly",2022-01-24,116444,17,false,,2024-03-08T19:40:14Z,"христианский хип-хоп,edm-трэп,постдабстеп","Byron Rhodes x FVMELESS",0.833,0.772,10,-4.887,0,0.233,0.0139,0,0.0665,0.41,135.051,4
spotify:track:0qUF9OPKeBaivUlPYekp9V,"Ga$ Money","Ga$ Money","Xavy Rusan",2019-10-04,174139,47,true,,2024-03-07T19:49:30Z,"","Epidemic Sound",0.64,0.421,0,-9.499,0,0.393,0.0213,0.00093,0.512,0.349,124.934,4
spotify:track:5dgxDc8k7XLT71s5vG29Xv,"Amalfi Freestyle","Amalfi Freestyle","Bazanji",2023-08-04,95000,24,false,,2024-03-07T18:49:13Z,"","Bazanji LLC",0.8,0.754,1,-7.073,1,0.0715,0.00858,0,0.143,0.565,96.005,4
spotify:track:14FHeL3ma1NPlSubNAiI61,"Feels This Good","Feels This Good","Jon Mero;LÒNIS",2023-03-17,132336,42,false,,2024-03-07T18:18:45Z,"","Lonis Music & Jon Mero Music",0.905,0.823,10,-4.802,0,0.0454,0.0834,0.0611,0.0661,0.961,106.984,4
spotify:track:1gvGvJ3LiAp7Ge8D0Q1rgp,"Me vs. Me","Me vs. Me","Nbhd Nick",2023-07-21,175234,23,false,,2024-03-07T18:00:22Z,"","Epidemic Sound",0.845,0.562,2,-6.549,0,0.105,0.679,0.00176,0.0967,0.283,122.994,4
spotify:track:15ubqkypYW3x5fAEHXThNh,"MAXIMUM","MAXIMUM","Out of Flux",2022-12-09,76426,22,false,,2024-03-07T16:54:19Z,"","Artlist Original",0.88,0.728,1,-8.562,1,0.113,0.000519,0.068,0.154,0.544,127.098,4
spotify:track:1hbV6zy67Hr6vy4NNWK1rD,"Can't Hold Me Down","Can't Hold Me Down","ZOI",2020-04-16,125264,27,false,,2024-03-06T23:54:57Z,"","ZOI LLC",0.796,0.698,9,-5.54,0,0.0311,0.0104,0.9,0.046,0.321,103.997,4
spotify:track:0CSMDsdrI4UfikYLdWQZnk,"Marinate (Sped Up Version)","Sped Up","Zorro",2023-04-07,150760,22,true,,2024-03-06T23:54:53Z,"","Epidemic Sound",0.729,0.568,7,-9.254,1,0.0706,0.0211,0.000174,0.18,0.458,89.658,4
spotify:track:0svj30ZEObPwNJzwP9XeGx,"Us Vs. Everything","Us Vs. Everything","Ohana Bam",2023-01-20,164000,0,false,,2024-03-06T23:54:46Z,"","Ohana Island Inc.",0.712,0.796,11,-8.909,1,0.15,0.0915,0,0.162,0.546,119.94,4
spotify:track:57y9Fa2c7wFokRhWP0EEWR,"LA LA LA","MANIFEST-DOUGH","Elijah Flowers",2024-01-14,148800,21,true,,2024-03-06T23:54:42Z,"","Elijah Flowers",0.879,0.637,2,-5.633,1,0.207,0.266,0,0.248,0.776,99.957,4
spotify:track:5iVkf9LNU3a9EpCWb4REK9,"Came 2 Play","Came 2 Play","Nbhd Nick",2023-09-15,128780,6,false,,2024-03-06T23:54:32Z,"","Epidemic Sound",0.882,0.656,10,-7.354,1,0.107,0.0874,0.00243,0.129,0.297,122.942,4
spotify:track:5f0BLoqvtvttC1glKnP1x5,"Change the Game","Change the Game","SOURWAH;Maya Miko",2023-08-10,182122,21,false,,2024-03-06T23:54:27Z,"","Artlist Original",0.709,0.888,1,-6.185,0,0.165,0.00739,0.0176,0.334,0.538,130.105,4
spotify:track:5hv1tITOhWdNxgrF5jfeCa,"Wake Up We Here","Wake Up We Here","Matthew Goodman;Matthew Bento",2023-07-21,128289,0,false,,2024-03-06T23:10:40Z,"","Audio Network Rights Limited",0.872,0.445,0,-9.749,1,0.296,0.000907,0.105,0.0693,0.405,157.968,4
spotify:track:6hIiXyoliy8Pwtw3qTQALR,"Take A Rest","Wake Up We Here","Matthew Goodman;Matthew Bento",2023-07-21,148234,11,false,,2024-03-06T23:10:38Z,"","Audio Network Rights Limited",0.773,0.555,6,-7.532,1,0.177,0.0469,0.0131,0.119,0.614,184.896,4
spotify:track:5hYeQZtHGzMnl0WAvh9XPM,"Gotta Breakthrough","Wake Up We Here","Matthew Goodman;Matthew Bento",2023-07-21,131473,1,false,,2024-03-06T23:10:27Z,"","Audio Network Rights Limited",0.81,0.607,1,-11.115,1,0.202,0.117,0.0111,0.153,0.599,87.97,4
spotify:track:5DJQmvbVWgGHfskUSb8FmA,"Hype","Wake Up We Here","Matthew Goodman;Matthew Bento",2023-07-21,201898,2,false,,2024-03-06T23:10:09Z,"","Audio Network Rights Limited",0.592,0.553,1,-5.998,1,0.165,0.00355,0.00629,0.0831,0.376,118.011,4
spotify:track:4m2sQTcvaoSSlqi7FLiGxE,"Fresher","Wake Up We Here","Matthew Goodman;Matthew Bento",2023-07-21,179451,3,false,,2024-03-06T21:55:37Z,"","Audio Network Rights Limited",0.845,0.555,6,-9.181,1,0.0535,0.0454,0.00068,0.111,0.576,109.99,4
spotify:track:38iJfEF37VNchvf7xmCe6q,"Made It","Wake Up We Here","Matthew Goodman;Matthew Bento",2023-07-21,129182,8,false,,2024-03-06T21:55:17Z,"","Audio Network Rights Limited",0.966,0.637,11,-7.493,0,0.0738,0.0179,0.00412,0.0206,0.796,124.997,4
spotify:track:3B4E6gKvXX8ndtmocb1D94,"BITN","Wake Up We Here","Matthew Goodman;Matthew Bento",2023-07-21,135450,4,false,,2024-03-06T21:55:04Z,"","Audio Network Rights Limited",0.719,0.752,1,-8.529,0,0.107,0.0158,0.00328,0.048,0.703,130.031,4
spotify:track:3cV3FYqHPlOG35qx6CGCGA,"Look At The Way","Wake Up We Here","Matthew Goodman;Matthew Bento",2023-07-21,165324,20,false,,2024-03-06T21:54:41Z,"","Audio Network Rights Limited",0.752,0.807,1,-7.784,1,0.0391,0.0103,0.00000553,0.0923,0.509,120.005,4
spotify:track:3i4tltF5R9raXViFP4ic4x,"Get Ready","Choices Made While Dreaming","Dave Not Dave",2017-04-21,176585,15,false,,2024-03-02T23:43:16Z,"","Fungi Music",0.621,0.895,9,-6.177,1,0.0547,0.0298,0.0000798,0.0643,0.802,137.952,4
spotify:track:7BrpncMGJNR46fa0uVtRMk,"Catch That Glory","Choices Made While Dreaming","Dave Not Dave",2017-04-21,218741,21,false,,2024-03-02T23:43:11Z,"","Fungi Music",0.581,0.479,0,-10.442,0,0.0491,0.7,0,0.101,0.185,117.954,4
spotify:track:7790lfbYyHF1xVmsqRWeUp,"Cold Blood","Choices Made While Dreaming","Dave Not Dave",2017-04-21,242858,41,false,,2024-03-02T23:42:47Z,"","Fungi Music",0.59,0.574,9,-8.488,0,0.0676,0.221,0.0000119,0.111,0.316,134.064,4
spotify:track:3bfztD03A5V3zmStAatI07,"Come Gimme Love","Ascension","King Sis",2021-04-30,210785,34,false,,2024-02-11T15:55:01Z,"","Epidemic Sound",0.526,0.545,1,-7.94,1,0.152,0.449,0,0.107,0.698,175.549,4
spotify:track:4phydt39KetM6ZgDaQmSfI,"Yeah You (Thinkin Bout You) (LeDorean Remix)","Epidemic Presents: Crates (Akuma Edition)","King Sis;LeDorean",2022-01-21,150009,36,false,,2024-02-11T00:54:54Z,"","Epidemic Sound",0.937,0.488,6,-7.174,0,0.303,0.101,0.00189,0.243,0.732,130.018,4
spotify:track:2VtWKB9VhOzTvN6DIGa9e1,"Yeah You (Thinkin Bout You)","Ascension","King Sis",2021-04-30,183695,47,false,,2024-02-10T21:11:49Z,"","Epidemic Sound",0.776,0.501,4,-7.396,0,0.173,0.54,0,0.261,0.509,101.94,4
spotify:track:3N4pR9NRMCr6a0u2OTnEWk,"close to heaven","Seasons","King Sis",2023-04-28,227982,33,false,,2024-02-10T20:37:54Z,"","Epidemic Sound",0.772,0.372,9,-6.73,0,0.0537,0.326,0.000301,0.0612,0.538,87.975,4
spotify:track:3mRLHiSHYtC8Hk7bzZdUs1,"River","Church Of Scars","Bishop Briggs",2018-04-20,216133,77,false,,2024-01-20T01:46:37Z,"","Teleport Records / Island Records",0.733,0.477,2,-6.737,0,0.0647,0.304,0.00000276,0.0579,0.547,62.507,4
spotify:track:781Q420mHTiBf9SSYmKAW9,"River","FRICTION","Platinum Moon",2023-06-23,250348,29,false,,2024-01-19T21:51:54Z,"","1000924 Records DK2",0.5,0.723,7,-5.536,1,0.0439,0.0068,0.000342,0.062,0.589,132.075,4
spotify:track:54XY3I3MIEmevLF3y4ELte,"Hey Beautiful","Under the Riptide","Platinum Moon",2021-09-24,240165,38,false,,2024-01-19T21:39:59Z,"","1000924 Records DK2",0.457,0.718,2,-8.357,0,0.0963,0.149,0.000271,0.176,0.878,104.836,4
spotify:track:0uLvEmoP70bucOvU6Hai71,"Lockdown NRG","Lockdown NRG","Platinum Moon",2022-10-28,170345,46,true,,2024-01-19T21:39:46Z,"","1000924 Records DK2",0.568,0.768,2,-5.991,1,0.0476,0.186,0.00225,0.109,0.869,150.006,4
spotify:track:6orZ3ZsSlFvsgmXEAiGfWJ,"God Is A Girl","God Is A Girl","Sound Of Legend;Groove Coverage;DJane HouseKat",2023-07-12,161777,52,false,,2024-01-18T22:20:13Z,"евродэнс","Play Two",0.62,0.937,0,-3.936,0,0.0682,0.00134,0.0495,0.0285,0.333,101.208,3
spotify:track:6240BN4Mg4ZEmqtDH6SJAD,"an ode to what could be","an ode to what could be","One Hope",2024-01-03,280000,30,false,,2024-01-14T00:16:53Z,"","760859 Records DK2",0.763,0.219,8,-11.776,1,0.0513,0.271,0.00019,0.184,0.259,119.798,4
spotify:track:4cfZwGevkvumBFvHp63Quo,"DREAMER","DREAMER","MELOVIN",2024-01-12,180127,29,false,,2024-01-13T23:53:25Z,"","TAVR Records",0.612,0.746,11,-6.81,0,0.0661,0.0865,0.00000329,0.197,0.343,134.036,4
spotify:track:1FpVJ7HpZInE2GvhVE2TwT,"Legends Never Die","Legends Never Die","League of Legends;Against The Current",2017-09-15,235000,12,false,,2024-01-13T23:48:38Z,"поп-панк","Riot Games",0.498,0.598,4,-6.638,0,0.0377,0.00786,0,0.111,0.0573,140.078,4
spotify:track:0uipX8PqFOjgiY43E4lgLe,"Still Here","Still Here","League of Legends;Forts;2WEI;Tiffany Aris",2024-01-10,252453,2,false,,2024-01-13T23:48:16Z,"","Riot Games",0.181,0.509,8,-8.753,0,0.0532,0.162,0.0000236,0.111,0.0929,89.462,4
spotify:track:73SXH8HVGi2XBy7F0LtkgD,"Мутки","Мутки","BURLA",2023-09-29,184799,30,true,,2024-01-03T12:49:08Z,"","PLAN",0.801,0.768,11,-6.629,0,0.184,0.294,0.0000518,0.0801,0.675,100.103,4
spotify:track:2Qb6R4viYxc7GhQx5CCpfh,"Розмова","Розмова","Rozmova;Гурт Дно;Муха Мухич;Yevhenii Dubovyk",2023-12-11,109502,0,false,,2024-01-02T20:36:16Z,"","нічосі рекордс",0.611,0.523,2,-6.384,1,0.0422,0.00277,0.0000139,0.257,0.699,116.6,4
spotify:track:7i9Z5LMGD7A9adNXnENbz8,"Вогнями","Вогнями","BURLA",2023-03-24,171428,29,false,,2024-01-02T20:12:52Z,"","Plan",0.636,0.654,3,-6.913,0,0.0422,0.329,0,0.101,0.528,139.887,3
spotify:track:6QSQB7azpstoTACKr7o6lJ,"МОВА","МОВА","BURLA",2023-12-15,155586,40,false,,2024-01-02T20:09:59Z,"","PLAN",0.715,0.718,2,-5.285,1,0.146,0.223,0,0.104,0.457,72.511,4
spotify:track:5gXeVG6pkVl0ychiWhjkNl,"Missing Out","Missing Out","SRTW;Buchs;LIZ LUNE",2023-12-15,144260,27,false,,2024-01-02T20:01:46Z,"тропикал-хаус","We Are Diamond",0.788,0.459,3,-7.123,1,0.0296,0.296,0.000111,0.102,0.288,114.985,4
spotify:track:0HjuxnFFBiPeKQLAGJ3oXe,"Burn - Nightcore","Burn (Nightcore)","Cherry 葵 Nightcore;ZeroMizKun Nightcore;Onlap;Youth Never Dies",2023-12-08,128026,21,false,,2024-01-02T19:38:08Z,"найткор","Cherry 葵",0.44,0.931,8,-3.862,0,0.0843,0.0000454,0.0247,0.342,0.543,149.428,4
spotify:track:2PL3GyJalnGDJqk7nbLaiA,"running to you","so much for closure","iamjakehill",2023-12-18,185170,40,false,,2024-01-02T19:37:29Z,"эмо-рэп","dying lately",0.726,0.722,4,-7.438,1,0.0777,0.685,0,0.11,0.872,149.971,4
spotify:track:4qO2JGY16Psvn6eYSkP67C,"сонце","такі як ми","макс пташник;Maryna Krut",2023-12-01,191387,25,false,,2024-01-02T19:31:17Z,"","BEST MUSIC",0.281,0.378,5,-8.142,1,0.0379,0.0911,0.0000281,0.114,0.0412,65.105,4
spotify:track:2pNxLllrnDXNV9r8MP4w3j,"Дякую","Дякую","Morphom;макс пташник",2023-01-27,114285,15,false,,2024-01-02T19:22:32Z,"","Morphom",0.721,0.629,5,-8.483,1,0.057,0.442,0.0000737,0.201,0.277,125.908,4
spotify:track:6IziC4J1TaEbmsTeiieULb,"Best Of You","Best Of You","Saint Chaos",2023-12-29,256614,18,false,,2024-01-02T19:17:28Z,"","The Royal Damage",0.563,0.539,1,-7.353,0,0.0281,0.273,0.000132,0.271,0.416,129.884,4
spotify:track:2zWZ6EEkaAbuaxdigZ9z3h,"Tremor","Tremor","Unlike Pluto",2023-12-29,187309,28,false,,2024-01-02T19:17:22Z,"","Unlike Pluto",0.493,0.641,6,-5.609,0,0.0333,0.00502,0.000769,0.167,0.218,74.011,4
spotify:track:6xyr5AsQTrXPXPtBytiq4s,"Starboy - Nightcore Version","Starboy","Rebeating Sounds;Sinnon Nightcore",2023-12-29,139124,0,true,,2024-01-02T19:17:16Z,"найткор","Rebeating Sounds",0.846,0.752,8,-6.308,1,0.243,0.0744,0,0.0748,0.636,109.421,4
spotify:track:1xu0arpF7Pj0fCwOZO4TUm,"Drop The Match","Drop The Match","Jake Daniels",2022-01-19,136500,26,false,,2024-01-01T01:28:07Z,"дарк-R&B","CloudKid",0.771,0.65,5,-7.376,0,0.101,0.28,0.151,0.213,0.582,120.03,4
spotify:track:1dzQoRqT5ucxXVaAhTcT0J,"Just Dance","The Fame","Lady Gaga;Colby O'Donis",2008-01-01,241933,86,false,,2023-12-24T20:45:36Z,"арт-поп,поп","Streamline/Interscope",0.822,0.739,1,-4.541,0,0.0311,0.0264,0.0000428,0.181,0.745,118.99,4
spotify:track:0SiywuOBRcynK0uKGWdCnn,"Bad Romance","The Fame Monster (Deluxe Edition)","Lady Gaga",2009-11-05,294573,89,true,,2023-12-24T20:45:35Z,"арт-поп,поп","Interscope",0.695,0.921,0,-3.752,1,0.0363,0.00314,0.0000526,0.0842,0.714,119.007,4
spotify:track:1QV6tiMFM6fSOKOGLMHYYg,"Poker Face","The Fame","Lady Gaga",2008-01-01,237200,87,true,,2023-12-24T20:45:33Z,"арт-поп,поп","Streamline/Interscope",0.851,0.806,4,-4.618,1,0.0787,0.119,0.00000172,0.121,0.774,119.001,4
spotify:track:6O20JhBJPePEkBdrB5sqRx,"Diamonds","Unapologetic (Deluxe)","Rihanna",2012-12-11,225146,79,false,,2023-12-06T21:22:35Z,"","Def Jam Recordings",0.562,0.709,11,-4.92,0,0.0424,0.00124,0,0.109,0.401,91.958,4
spotify:track:090GZQJxqxVKW8q82rcAry,"Cold Outside","Cold Outside","Stellar",2023-01-13,141045,45,true,,2023-12-02T02:17:44Z,"","Stellar",0.594,0.763,9,-5.892,0,0.0565,0.0571,0,0.575,0.5,144.853,4
spotify:track:2EwnRHPoqt7ofZYl9jgVLY,"Vicious","Vicious","Bohnes",2023-02-17,207177,50,true,,2023-12-02T02:17:40Z,"","Line and Sinker",0.723,0.669,7,-5.282,0,0.0289,0.0396,0,0.157,0.629,103.999,4
spotify:track:0zPQx8X0MqfilG0dZIRXkN,"Problems","Problems","Jake Daniels",2022-08-12,170847,39,true,,2023-12-02T02:06:58Z,"дарк-R&B","CloudKid",0.712,0.526,8,-9.314,0,0.113,0.354,0.00117,0.498,0.676,117.908,4
spotify:track:1lcKNBpQo7Fv1FHLd0ALlO,"The Playground (Crypto Remix)","The Playground (Deluxe)","Paper Idol;Crypto",2023-02-10,134347,27,false,,2023-12-01T00:32:47Z,"","CloudKid",0.64,0.651,1,-6.236,1,0.0291,0.206,0.00000717,0.118,0.728,92.057,4
spotify:track:1VChhfTauB9A9drydivbgn,"Blood // Water","Blood // Water","Henri Werner;Salvo",2022-07-29,160519,44,false,,2023-11-30T20:46:53Z,"электрохаус","Rising Wave",0.611,0.914,8,-2.06,0,0.166,0.418,0,0.176,0.453,154.139,4
spotify:track:2RfcTQaXoZEvsUu9bNVNdp,"Impostor","Impostor","Henri Werner",2021-01-18,155624,41,false,,2023-11-30T20:46:46Z,"","Henri Werner Sound",0.541,0.745,11,-3.489,0,0.0442,0.786,0.0404,0.284,0.135,127.916,4
spotify:track:4hWtNA80MqTwYUKjnQBdc2,"Rule the World","Modern Alchemy","Zayde Wølf",2018-06-08,192600,49,false,,2023-11-28T13:22:23Z,"","Zayde Wolf",0.55,0.883,2,-5.964,1,0.0934,0.00715,0,0.0924,0.417,149.991,3
spotify:track:4Qm651F6witgWh2ssHaO0m,"TIME STOPS","TIME STOPS","Watt White",2022-04-08,157010,17,false,,2023-11-26T23:45:20Z,"","Never Going to Kill Us LLC",0.764,0.691,8,-7.906,1,0.269,0.0259,0.00000284,0.0526,0.811,91.957,4
spotify:track:5io1ngnNKAqFziQjdtzKGi,"Middle Finger","Middle Finger","Bohnes",2015-12-14,229986,66,true,,2023-11-26T20:24:39Z,"","Nettwerk Music Group",0.686,0.656,1,-6.012,0,0.0383,0.438,0,0.347,0.397,127.985,4
spotify:track:41wzpaZ7KqdoPgEM5TzR6z,"Motive","The Circus: Act I","Confetti",2021-02-26,138239,48,false,,2023-11-24T17:12:36Z,"","Ringleader Records",0.673,0.63,0,-5.404,1,0.0894,0.0156,0,0.0881,0.609,90.064,4
spotify:track:4O926yx8MGbriNImU7n8Gu,"Don't Sing the Blues","206: Act II","Bohnes",2018-11-23,196487,59,true,,2023-11-24T13:21:48Z,"","Nettwerk Music Group",0.714,0.638,2,-6.992,1,0.0567,0.0188,0,0.594,0.366,107.957,4
spotify:track:3I6p3UeKCSboHx6NPZ4Oxp,"baby i'm dying (Nightcore)","baby i'm dying (Nightcore)","ZeroMizKun Nightcore;Ghostyboy",2022-03-05,132283,20,true,,2023-11-23T13:14:36Z,"найткор","Mysticsima Records",0.608,0.655,9,-5.547,1,0.0299,0.224,0,0.148,0.337,106.284,4
spotify:track:283QXW0fkAXVvyYQTBpZmB,"Gone - Nightcore","Gone","ZeroMizKun Nightcore;ROMAN",2022-06-27,194240,19,false,,2023-11-22T23:23:14Z,"найткор","Mysticsima Records",0.478,0.853,7,-6.628,0,0.0529,0.00133,0.0459,0.161,0.239,148.759,4
spotify:track:6jmPk6xf7LlxUt6OLTGdfS,"Solo","Solo","Prismo",2018-08-03,183755,3,false,,2023-11-22T16:23:48Z,"фьюче-бейс","Duetti",0.442,0.847,10,-4.111,0,0.107,0.000354,0.011,0.374,0.496,179.872,3
spotify:track:5yvG6V9WZDQDmne0eeWJAq,"Black X White","Fear","Arrested Youth",2018-09-27,186238,46,false,,2023-11-22T15:37:16Z,"","Lowly",0.658,0.598,6,-7.491,1,0.0365,0.132,0,0.124,0.493,75.026,4
spotify:track:7K0WZ75nHqj450OYd3ZywF,"I'm Dangerous","Walk Through Fire","The EverLove",2018-10-03,243329,59,false,,2023-11-21T18:52:19Z,"","Selectracks / BMG Production Music",0.691,0.841,8,-7.026,0,0.0436,0.00438,0.0000444,0.31,0.755,92.025,4
spotify:track:1KWs9w4t7RAIUiSqg3E1Hm,"Nothing else matters 2.0 - Live","ФОП Кохання (Live)","Гурт Дно;Женя Янович;Tember Blanche;Муха Мухич;Yevhenii Dubovyk",2023-11-08,52347,12,false,,2023-11-19T00:14:52Z,"","нічосі рекордс",0.653,0.811,2,-4.653,0,0.307,0.0524,0,0.325,0.49,133.541,4
spotify:track:20RfAzgKYfSufVchbQkdcT,"I Can't Sleep","Book of the Broken","Autumn Kings",2022-08-24,222028,43,false,,2023-11-18T19:02:48Z,"","Autumn Kings",0.605,0.817,7,-5.664,1,0.0815,0.0448,0,0.1,0.355,102.018,4
spotify:track:0Q7MbQjst29ZhyR3sDA2uq,"Casablanca","Casablanca","Besomorph;RIELL",2023-07-28,152727,0,false,,2023-11-18T14:34:30Z,"слэп-хаус","Besomorph & RIELL",0.703,0.753,1,-4.415,0,0.0393,0.538,0,0.147,0.672,110.019,4
spotify:track:3j21SE0gwkCSmcV28PvGl4,"Drugs","Drugs","Adam Jensen",2016-08-05,206991,40,false,,2023-11-16T14:36:57Z,"","Nettwerk Music Group",0.763,0.498,2,-5.659,1,0.0556,0.216,0.00000186,0.585,0.625,104.945,4
spotify:track:5UwlEwygpmZrbF3GO9RxKa,"Warpath","Warpath","Adam Jensen",2022-02-04,177060,26,true,,2023-11-16T01:27:31Z,"","Adam Jensen",0.675,0.501,9,-7.746,1,0.201,0.164,0.000283,0.682,0.29,146.1,4
spotify:track:3B3IqfBd4sgGzgCzvLgy8n,"Before the Devil Knows I'm Dead","Before the Devil Knows I'm Dead","Adam Jensen",2022-03-11,180696,27,true,,2023-11-16T00:53:46Z,"","Adam Jensen",0.247,0.619,2,-7.093,1,0.0479,0.0264,0,0.678,0.59,74.974,4
spotify:track:62QztmgMDK5MxHIbikohhF,"Outlaw","Outlaw","Adam Jensen",2021-04-09,198696,27,true,,2023-11-16T00:48:55Z,"","Nettwerk Music Group",0.549,0.904,9,-4.451,0,0.0887,0.147,0.00423,0.0978,0.423,145.068,4
spotify:track:27O55IM5RuVpCPUZDU6UAX,"That Man He's a Monster","That Man He's a Monster","Adam Jensen",2021-09-10,209761,43,false,,2023-11-15T20:06:06Z,"","Nettwerk Music Group",0.677,0.777,0,-5.694,1,0.0443,0.129,0.00254,0.0719,0.903,125.989,4
spotify:track:51dpCXkxvCObYIXYB7j32j,"Jekyll and Hyde","Jekyll and Hyde","Adam Jensen",2023-03-03,169415,32,false,,2023-11-15T19:51:46Z,"","Adam Jensen",0.714,0.676,1,-8.461,1,0.0534,0.274,0.0167,0.316,0.529,115.958,4
spotify:track:3d6G2zpUqqDCduvhKl0oK6,"I'm a Sucker for a Liar in a Red Dress","I'm a Sucker for a Liar in a Red Dress","Adam Jensen",2020-03-06,223811,47,true,,2023-11-15T16:23:07Z,"","Nettwerk Music Group",0.689,0.728,0,-4.276,1,0.0501,0.412,0.00000119,0.162,0.718,150.023,4
spotify:track:11xWF4YFci7GNTd0QHIPex,"Friend of the Devil","Friend of the Devil","Adam Jensen",2019-08-02,180542,46,true,,2023-11-15T16:19:28Z,"","Nettwerk Music Group",0.702,0.777,6,-5.782,0,0.0464,0.00691,0.0000267,0.102,0.421,77.481,4
spotify:track:0P3F6xMn3R1Ja8hjJ1HBTO,"Džanum","Džanum","Teya Dora",2023-03-22,174045,66,false,,2023-11-15T01:42:43Z,"","Epic Local",0.326,0.232,6,-10.566,0,0.0302,0.876,0.0000109,0.113,0.186,130.26,4
spotify:track:3LhGRE7ZNOEZhrqazWMYRI,"Money Run Low","ATLAS (Deluxe)","The Score",2017-10-13,185466,53,false,,2023-11-14T23:54:37Z,"","Universal Records",0.651,0.933,7,-3.978,0,0.0457,0.0203,0,0.306,0.798,134.048,4
spotify:track:7KkjTn0eDfjhyNLkhnEjCl,"Check It Out","Oh the Larceny","Oh The Larceny",2017-01-27,161500,58,false,,2023-11-14T23:42:44Z,"","Position Music",0.643,0.944,5,-3.514,0,0.0846,0.0174,0.00146,0.303,0.715,120.027,4
spotify:track:3CrsuTJomWZmeXIvKhV45l,"Stronger","Carry On","The Score",2020-08-28,190048,64,false,,2023-11-14T23:05:50Z,"","Republic Records",0.563,0.678,2,-4.717,0,0.0392,0.0228,0,0.342,0.134,127.883,4
spotify:track:3O963Rx4OioIw7wdCp7pER,"Mistake","Mistake","Stellar",2021-05-24,151580,55,true,,2023-11-14T15:03:14Z,"","Stellar",0.577,0.885,7,-4.004,0,0.034,0.0148,0,0.14,0.255,137.04,4
spotify:track:1czb2OHHNm4tevA7PBvHYc,"...Baby One More Time","Uncovered, Vol. 1","Crypto",2023-09-01,149677,36,false,,2023-11-14T15:03:06Z,"","CloudKid",0.614,0.652,11,-6.891,0,0.0391,0.154,0.0000592,0.119,0.403,186.078,4
spotify:track:7fUw0RfhE6acjJBqh0kb7g,"Yoko Oh No","Yoko Oh No","Adam Jensen",2021-11-05,165612,48,true,,2023-11-14T13:16:03Z,"","Nettwerk Music Group",0.598,0.713,2,-4.87,1,0.106,0.0493,0,0.262,0.668,75.968,4
spotify:track:4AXAS26dUVTnCnubySfkbv,"The Kid I Used to Know","Sobville (Episode I)","Arrested Youth",2019-11-01,145801,63,true,,2023-11-14T12:36:51Z,"","Lowly",0.639,0.776,9,-4.61,1,0.0829,0.0731,0.00000197,0.18,0.267,160.101,4
spotify:track:6LsOEk2bRQjYAeM7Tdv760,"Devil Saint","Devil Saint","Luma;Yuppycult",2021-04-23,146413,50,false,,2023-11-14T12:33:35Z,"мелодичный бэйс,фьюче-бейс","24-8 Records",0.428,0.577,4,-7.059,0,0.0788,0.2,0,0.105,0.296,79.869,4
spotify:track:5jUOuMBnav0iyM6DINhETm,"You've Created a Monster","You've Created a Monster","Bohnes",2021-10-29,158924,60,false,,2023-11-13T22:06:05Z,"","Nettwerk Music Group",0.648,0.623,2,-8.483,0,0.0909,0.00611,0.0002,0.0755,0.209,134.042,4
spotify:track:3NNJjEPFTUcAMUyMXsDw5c,"Reckless","Reckless","LOWBORN",2018-05-01,167526,0,true,,2023-11-12T22:31:17Z,"","LOWBORN",0.604,0.877,1,-4.222,1,0.0653,0.0123,0,0.101,0.654,94.918,4
spotify:track:0rvQTm5TV5GsK0HC2NJc4V,"Liar","Best Covers, Vol. 2","Sinnon Nightcore",2022-08-12,147689,10,false,,2023-11-12T20:55:39Z,"найткор","Sinnon Nightcore",0.795,0.712,2,-5.385,0,0.137,0.154,0.00244,0.254,0.657,114.474,4
spotify:track:3X18jfoRfkJPJUt3yAZpux,"Most High","16","Boon;Ashley Clark",2020-03-16,121698,32,false,,2023-11-12T19:23:16Z,"дарк-R&B,неосоул","CloudKid",0.64,0.576,4,-6.632,1,0.217,0.0633,0,0.13,0.405,81.975,4
spotify:track:3ypzlFX9dj3gsP3h8sL3NR,"Ghost (Dark Version)","Ghost (Dark Version)","Confetti",2022-10-25,155294,45,true,,2023-11-12T19:04:52Z,"","CloudKid",0.579,0.785,5,-5.71,0,0.0761,0.1,0.0000667,0.202,0.425,169.849,4
spotify:track:1LBJ1jPaaD69Hn0R73PEvA,"Peekaboom - Nightcore","Peekaboom (Nightcore)","RubyChan's Nightcore",2022-11-03,164556,24,false,,2023-11-12T17:54:54Z,"найткор","RubyChan's Nightcore",0.609,0.64,5,-7.67,0,0.0352,0.0441,0.472,0.0648,0.145,97.737,4
spotify:track:6mf4SH1vuqb9xAsnEMxAOT,"ITTY BITTY","ITTY BITTY","Henri Werner;EHLE",2023-03-28,130332,0,false,,2023-11-12T17:24:33Z,"","NCS",0.688,0.814,8,-1.88,1,0.0291,0.567,0.00000125,0.114,0.537,89.974,4
spotify:track:6539idgEWAzw8c2ce4nD2t,"Pretty Lies","Pretty Lies","SouMix;Brad Arthur",2023-07-14,162500,0,false,,2023-11-09T18:11:01Z,"афро-хаус,afro soul","SouMix",0.615,0.823,1,-3.595,0,0.116,0.0818,0,0.432,0.561,90.028,4
spotify:track:7iG20YIlHRFUAKPWELfX6W,"Day I Die","Day I Die","Club Danger",2023-04-21,175471,23,false,,2023-11-09T18:10:06Z,"","Club Danger",0.628,0.57,6,-5.986,1,0.0347,0.026,0,0.0655,0.488,85.956,4
spotify:track:293cWkXvDQ80kphHQXsAZ1,"DOOM n GLOOM","DOOM n GLOOM","Poe the Passenger",2023-07-26,180970,21,false,,2023-11-06T00:16:53Z,"","Poe the Passenger",0.565,0.956,7,-6.051,1,0.268,0.0192,0.00000582,0.105,0.66,165.046,4
spotify:track:08bNPGLD8AhKpnnERrAc6G,"FRIENDS","FRIENDS","Marshmello;Anne-Marie",2018-02-09,202620,10,true,,2023-11-04T01:35:53Z,"edm","Atlantic Records UK",0.626,0.88,9,-2.384,0,0.0504,0.205,0,0.128,0.534,95.079,4
spotify:track:4eFcdgJ98qqVYPfaNpYKMO,"Rock Ain't Dead - Nightcore","Rock Ain't Dead (Nightcore)","ZeroMizKun Nightcore;Cherry 葵 Nightcore;Onlap",2023-04-28,189811,27,false,,2023-11-03T00:46:29Z,"найткор","Mysticsima Records",0.431,0.974,6,-3.321,1,0.106,0.00367,0.000187,0.14,0.384,110.8,4
spotify:track:2VacHJLM07RxCZgVlmyE2V,"House Of Pain","House Of Pain","Once Monsters",2023-05-26,171659,44,false,,2023-11-02T22:58:25Z,"","Once Monsters Music",0.698,0.795,10,-6.174,0,0.0451,0.0735,0.000708,0.135,0.781,134.93,4
spotify:track:2RVoxE5HKeIT4wZvOCevJR,"HOLOGRAM","HOLOGRAM","Poe the Passenger",2023-02-17,142154,41,false,,2023-11-02T21:42:17Z,"","Poe the Passenger",0.599,0.895,6,-4.499,0,0.107,0.0752,0,0.173,0.643,79.968,4
spotify:track:5Bhl4zpucPZLDHpD5teROV,"Like A Cigarette","Like A Cigarette","Besomorph;Saint Chaos",2023-09-08,171130,32,false,,2023-11-02T21:11:48Z,"слэп-хаус","Besomorph & Saint Chaos",0.727,0.657,2,-6.267,1,0.0558,0.194,0,0.144,0.651,115.02,4
spotify:track:3ELeJOdKajLXLJMk8Z99mI,"Lost - Nightcore","Lost (Nightcore)","Cherry 葵 Nightcore;PVRA NOVA",2023-07-07,201538,12,false,,2023-10-26T21:25:08Z,"найткор","Cherry 葵",0.418,0.917,0,-5.766,0,0.0923,0.187,0.000476,0.302,0.354,151.069,4
spotify:track:41T7KvWNyXMZeA85V4Da9h,"Lonely - Nightcore","Lonely (Nightcore)","Cherry 葵 Nightcore;Nathan Wagner",2022-06-17,166272,19,false,,2023-10-26T20:58:45Z,"найткор","Cherry 葵",0.444,0.517,0,-9.1,1,0.0516,0.0629,0,0.103,0.065,92.172,4
spotify:track:1jf7rKutyI47FVEdPyWL8A,"Just Let Go - Nightcore","Just Let Go (Nightcore)","Cherry 葵 Nightcore;From the Ash",2022-07-22,221773,7,false,,2023-10-26T20:29:27Z,"найткор,христианский рок","Cherry 葵",0.465,0.858,7,-6.729,1,0.0555,0.0018,0,0.316,0.357,150.997,4
spotify:track:4VM0KFg6UmUlRseb688GBg,"War of Change - Nightcore","War of Change (Nightcore)","Cherry 葵 Nightcore;Nick Eyra",2023-05-19,182238,39,false,,2023-10-26T20:23:33Z,"найткор","Cherry 葵",0.55,0.97,8,-4.958,0,0.0713,0.00211,0.0000106,0.095,0.515,121.236,4
spotify:track:2uZG8bOnOps0EYyksC0onL,"Believer - Nightcore","Believer (Nightcore)","Cherry 葵 Nightcore;HAZLYE",2023-05-05,160646,16,false,,2023-10-26T16:12:05Z,"найткор","Cherry 葵",0.277,0.667,9,-7.327,1,0.185,0.384,0.0000959,0.114,0.239,204.815,3
spotify:track:3dEJjGufkiMdIX0zSKD2Ok,"Playing With Fire - Nightcore","Playing With Fire (Nightcore)","Cherry 葵 Nightcore;Mosaic",2023-03-03,236678,16,false,,2023-10-26T13:15:51Z,"найткор","Cherry 葵",0.239,0.897,5,-6.405,0,0.196,0.0236,0.000901,0.106,0.382,197.806,4
spotify:track:7luqSynQVsaPZBA0UT2OCu,"Triggered - Nightcore","Triggered (Nightcore)","Cherry 葵 Nightcore;SkyDxddy",2022-04-29,183371,28,true,,2023-10-26T13:13:16Z,"найткор","Cherry 葵",0.549,0.756,0,-5.689,1,0.232,0.0808,0.0000254,0.114,0.169,150.618,4
spotify:track:4ldimHmYuFMsrFBRVeV8Ex,"Running - Nightcore","Running (Nightcore)","Cherry 葵 Nightcore;ZeroMizKun Nightcore;Onlap",2022-07-01,180971,7,false,,2023-10-26T12:57:43Z,"найткор","Cherry 葵",0.453,0.91,1,-3.756,1,0.0666,0.0019,0,0.357,0.453,109.907,4
spotify:track:4OQhZDi98dqHqWBtE077DQ,"Dad Rock - Nightcore","Dad Rock (Nightcore)","Cherry 葵 Nightcore;Mosaic",2022-09-09,191750,6,false,,2023-10-26T12:54:11Z,"найткор","Cherry 葵",0.526,0.966,4,-6.975,0,0.127,0.00201,0.00000707,0.133,0.396,104.041,4
spotify:track:4MfNfFLydET8aIhBMYc0iK,"Still Alive - Nightcore","Still Alive (Nightcore)","Cherry 葵 Nightcore;Onlap",2022-02-25,213035,14,false,,2023-10-26T12:37:29Z,"найткор","Cherry 葵",0.511,0.965,3,-5.227,0,0.126,0.0713,0,0.841,0.354,109.321,4
spotify:track:6wVyQdl4QhTYhPdS7WRwQe,"The Puppeteer - Nightcore","The Puppeteer (Nightcore)","ZeroMizKun Nightcore;Cherry 葵 Nightcore;Fire Follows",2023-01-27,177378,36,false,,2023-10-26T12:31:56Z,"найткор","Mysticsima Records",0.507,0.906,0,-4.669,0,0.0639,0.00309,0.0000702,0.695,0.457,114.459,4
spotify:track:0tArMVBMZwxHV012mQehQk,"Dangerous - Nightcore","Dangerous (Nightcore)","Cherry 葵 Nightcore;Atwood",2023-07-28,188165,17,false,,2023-10-26T11:55:14Z,"найткор","Cherry 葵",0.518,0.718,9,-5.932,0,0.0403,0.00347,0.000847,0.208,0.323,157.605,4
spotify:track:2uPz77cLmEMKBeqKovdJYw,"oUcHiE - Nightcore","oUcHiE (Nightcore)","Cherry 葵 Nightcore;MYTCH",2023-09-22,156872,30,false,,2023-10-25T18:43:54Z,"найткор,дарк-R&B","Cherry 葵",0.389,0.917,1,-2.515,1,0.227,0.195,0,0.177,0.351,160.037,4
spotify:track:3L1j3Lt3ga7wfpwoZMrfI4,"Залишаюсь тут","Залишаюсь тут","Omut;ХАС",2022-11-11,175868,31,false,,2023-10-21T18:48:45Z,"","BEST MUSIC",0.613,0.538,1,-6.848,0,0.0329,0.00573,0,0.271,0.102,90.015,4
spotify:track:6eePC8OPI0fmtmmAB5cqn4,"Там, де ти…","Любов на любов","ХАС",2023-10-13,172002,2,false,,2023-10-21T18:48:23Z,"","ХАС",0.817,0.652,1,-8.575,0,0.0481,0.0614,0.00811,0.16,0.292,97.964,4
spotify:track:6lynpcJzdtSEpBsSyinrt9,"Магніт","Любов на любов","ХАС",2023-10-13,143478,2,false,,2023-10-21T18:48:21Z,"","ХАС",0.818,0.56,1,-8.618,0,0.104,0.319,0,0.134,0.443,114.974,4
spotify:track:5M66OPgVkBrUkIMXCuMSSO,"Закутав","Любов на любов","ХАС",2023-10-13,146886,12,false,,2023-10-21T18:48:06Z,"","ХАС",0.725,0.7,5,-7.827,0,0.141,0.0473,0.00171,0.0892,0.654,170.042,4
spotify:track:6N87sVJM5jeH4LNU5mpCWZ,"Umbrella","Umbrella","SRTW;COLIN",2023-10-20,108979,36,false,,2023-10-21T18:48:02Z,"тропикал-хаус","We Are Diamond",0.443,0.565,2,-9.337,1,0.306,0.718,0.0665,0.125,0.122,195.927,4
spotify:track:1zzfVXi3uP6lcgIreS1o5i,"Хто ти дівчинко?","Хто ти дівчинко?","Лилу45",2023-10-19,154666,18,false,,2023-10-21T18:47:58Z,"","Money Gun",0.609,0.68,4,-7.663,0,0.123,0.371,0.00000227,0.16,0.214,180.161,4
spotify:track:11xvUXaRYdcP3BZDXTxO2O,"Встигнути до 30 - From “Встигнути до 30”","Встигнути до 30 (From “Встигнути до 30”)","Tember Blanche",2023-10-20,190270,18,false,,2023-10-21T18:47:46Z,"","Tember Blanche",0.833,0.331,0,-15.178,1,0.0857,0.478,0,0.112,0.527,111.011,4
spotify:track:4NUmZ5svM1Bbmaz5udqUeJ,"Dreaming","Dreaming","Marshmello;P!nk;Sting",2023-10-20,170261,61,false,,2023-10-21T18:47:43Z,"edm,софт-рок","RCA Records Label",0.697,0.742,11,-6.404,0,0.0457,0.0194,0.000308,0.0837,0.783,124.969,4
spotify:track:6L5yUSkTOwc64GVrHMGtuk,"Adore You - Nightcore","Adore You (Nightcore)","Cherry 葵 Nightcore;HAZLYE",2023-10-13,158177,5,false,,2023-10-21T18:47:39Z,"найткор","Cherry 葵",0.329,0.71,7,-6.512,0,0.0489,0.427,0.0000795,0.125,0.114,109.288,4
spotify:track:0aK5goJ7aM7I7OPnjUBRIH,"І кожен дасть мені своє ім'я","Всі дівчата хороші","Лилу45",2023-05-12,171789,31,false,,2023-10-21T18:47:26Z,"","Money Gun",0.336,0.541,4,-7.076,0,0.0322,0.0253,0.00176,0.0703,0.134,189.828,4
spotify:track:6fN5JhdUiqRWxPAodiXumy,"Давай, дивись","Давай, дивись","Лилу45",2023-09-15,205594,19,false,,2023-10-21T18:47:15Z,"","Money Gun",0.702,0.722,4,-6.464,0,0.0637,0.102,0,0.388,0.718,142.992,4
spotify:track:1TyGIDpK57pPdg6u9Zlg5j,"Автомагістралі","Автомагістралі","SadSvit;Лилу45",2023-04-07,201600,46,false,,2023-10-21T18:47:10Z,"постпанк","Money Gun",0.526,0.79,4,-5.576,0,0.0348,0.0315,0.0136,0.247,0.173,75.057,4
spotify:track:3C8Z6rLzMjQiDSkZxpRHxV,"Pedestal","Pedestal","Em Beihold",2023-10-12,191555,36,false,,2023-10-13T20:37:26Z,"","Republic Records",0.684,0.294,7,-8.715,1,0.129,0.865,0,0.0888,0.579,88.924,4
spotify:track:3dWI7AliGRydKjw59LnrJM,"Novia (Crypto Remix)","Novia (Crypto Remix)","Jake Daniels;Crypto",2023-10-13,123214,26,false,,2023-10-13T20:35:20Z,"дарк-R&B","CloudKid",0.689,0.743,3,-6.463,0,0.0402,0.42,0.0496,0.262,0.551,112.03,4
spotify:track:3s6YXjeKQOCk2Y0FzK50Pe,"Цілуй мене","Любов на любов","ХАС",2023-10-13,174915,25,false,,2023-10-13T20:35:13Z,"","ХАС",0.647,0.52,4,-9.013,0,0.119,0.528,0.000101,0.102,0.362,139.993,4
spotify:track:31O3URsZTEjaOCyyZH7wt0,"Run Away - Nightcore","Run Away (Nightcore)","Cherry 葵 Nightcore;ZeroMizKun Nightcore;TIDALWAVE",2023-10-06,147023,7,false,,2023-10-13T20:35:05Z,"найткор,ню-метал","3590538 Records DK2",0.419,0.887,6,-5.329,1,0.12,0.00159,0,0.319,0.397,134.684,4
spotify:track:5D7QqTKskMCRoliZJH7dCH,"Молодим","Молодим","Omana",2023-10-13,177179,7,false,,2023-10-13T20:34:57Z,"","Omana",0.551,0.796,2,-7.112,0,0.123,0.0435,0.00000172,0.118,0.375,94.954,4
spotify:track:03ysZV8oAucXpWC2nr7VLp,"Holding Back","Holding Back","Forester;Syn Cole",2023-10-06,188571,34,false,,2023-10-09T12:11:47Z,"статтер-хаус,тропикал-хаус,edm","Palm Tree Records",0.684,0.927,6,-4.9,0,0.0458,0.0706,0.0944,0.0931,0.323,125.975,4
spotify:track:04GUoCJ7MUAuqmimRLJ1Ni,"Problematic","Lucid Dreams","BoyWithUke",2023-10-06,164986,39,false,,2023-10-09T12:11:36Z,"","Mercury Records/Republic Records",0.746,0.762,6,-6.01,1,0.0432,0.0995,0,0.143,0.952,132.101,4
spotify:track:6qepnBCUhNN82QafNZ5dsu,"Танцюєш і плачеш","Танцюєш і плачеш","100лиця",2023-10-06,168965,41,false,,2023-10-09T12:11:32Z,"","100DOLA",0.627,0.523,10,-6.146,0,0.143,0.401,0,0.075,0.156,144.731,4
spotify:track:5bWFAnAi03iDNjsGI5eOwr,"Flowers on My Grave","Flowers on My Grave","Adam Jensen",2023-09-29,172974,30,true,,2023-10-09T12:11:21Z,"","Adam Jensen",0.736,0.676,5,-3.534,0,0.0309,0.23,0,0.117,0.399,123.001,4
spotify:track:7sJUhhSigiKIIIPjqQsVu5,"Lost In You - Nightcore","Lost In You (Nightcore)","Cherry 葵 Nightcore;ZeroMizKun Nightcore;MindHivers",2023-09-29,110786,23,false,,2023-10-09T12:11:15Z,"найткор","Cherry 葵",0.592,0.86,10,-6.157,0,0.0408,0.0402,0.142,0.207,0.473,146.262,4
spotify:track:3piN5nkTVIsoKsAPzN76uk,"За гітарою","ВАТРА red","ТНМК",2021-12-03,253842,21,false,,2023-10-07T19:04:26Z,"","ROCKSOULANA MUSIC",0.806,0.626,0,-7.981,0,0.3,0.167,0.0000483,0.0802,0.962,159.978,4
spotify:track:3r7KNrFOpKEsGGkndGS4AG,"Друга новина","7","ТНМК",2018-11-23,192841,9,false,,2023-10-07T10:51:11Z,"","TNMK",0.588,0.824,7,-3.021,0,0.18,0.154,0,0.378,0.598,79.989,4
spotify:track:2finKKiNg1BHK3n4edqn3w,"Янголи","7","ТНМК",2018-11-23,237284,18,false,,2023-10-07T10:50:58Z,"","TNMK",0.742,0.753,6,-5.908,0,0.229,0.00452,0.00443,0.149,0.681,149.999,4
spotify:track:6L24GNmr2ydOKdiBo1FjnZ,"Сила","Сила","ТНМК",2005-12-07,291642,17,false,,2023-10-07T10:49:24Z,"","TNMK",0.648,0.93,2,-4.572,1,0.0991,0.584,0,0.233,0.631,94.068,4
spotify:track:6vMdGZ5nHF1tsRIbDdWomV,"Гранули","Сила","ТНМК",2005-12-07,281054,47,false,,2023-10-07T10:48:38Z,"","TNMK",0.719,0.782,6,-5.616,0,0.0557,0.0632,0.000704,0.0925,0.634,91.983,4
spotify:track:5NFTSCrHBTDmXsYCSnvJja,"Мій демон","7","ТНМК",2018-11-23,228094,31,false,,2023-10-07T10:46:11Z,"","TNMK",0.841,0.641,6,-5.161,1,0.0912,0.0623,0,0.0453,0.846,94.97,4
spotify:track:3OARemV445VvDJFjisXdYl,"Як ти ми любиш","Як ти ми любиш","Gunna Chorna",2023-03-31,189181,10,false,,2023-09-04T13:49:23Z,"","palayu music",0.715,0.576,2,-8.484,0,0.241,0.793,0.000101,0.153,0.252,175.774,4
spotify:track:06kmM5pqDpVQxZ4GoCM4R2,"wlfr","wlfr","One Hope",2023-08-31,144827,23,true,,2023-09-03T08:54:47Z,"","CloudKid",0.826,0.527,2,-12.118,1,0.0649,0.219,0.00218,0.0861,0.276,116.077,4
spotify:track:5Fpfgsm9etpM9fzFkLVg5c,"Golden Years","Golden Years","Stellar",2023-09-01,124444,53,false,,2023-09-03T08:54:37Z,"","Stellar",0.636,0.859,5,-4.796,1,0.029,0.00244,0,0.0472,0.493,135.028,4
spotify:track:1W7ughJhjRaANaAUcxTfnC,"Children of the Sky (a Starfield song)","Children of the Sky (a Starfield song)","Imagine Dragons",2023-08-30,207611,61,false,,2023-09-03T08:54:32Z,"","KIDinaKORNER/Interscope Records",0.485,0.53,4,-8.874,0,0.0436,0.234,0,0.123,0.218,82.549,4
spotify:track:1hRA0DOqMiZwCKNZ4eDNSL,"Enemy - Nightcore","Enemy (Nightcore)","Cherry 葵 Nightcore;Eralise",2023-08-25,157464,9,false,,2023-09-03T08:54:25Z,"найткор,рэп-метал","Cherry 葵",0.266,0.909,9,-5.961,1,0.0775,0.00000747,0.322,0.0912,0.406,158.236,4
spotify:track:2OqJ2WeIb4vA3jcjF6QKJv,"You're Still the One","You're Still the One","SRTW;Deeplace",2023-08-25,154821,44,false,,2023-08-27T09:57:44Z,"тропикал-хаус","We Are Diamond",0.604,0.67,2,-7.564,1,0.0877,0.409,0.00666,0.265,0.326,111.927,4
spotify:track:2fx959fzbAAZxdfNRGUmud,"Phone - Shadow Child Remix","Phone (Shadow Child Remix)","MEDUZA;Shadow Child;Em Beihold;Sam Tompkins",2023-08-25,204407,18,false,,2023-08-27T09:57:35Z,"","Universal-Island Records Ltd.",0.679,0.914,1,-5.855,0,0.079,0.0027,0.000544,0.0731,0.184,130.066,4
spotify:track:6S2x2TBtXNJNsjIJxErMvm,"You've Been Warned - Nightcore","You've Been Warned (Nightcore)","Cherry 葵 Nightcore;ZeroMizKun Nightcore;Don't Believe in Ghosts",2023-08-18,201239,6,false,,2023-08-27T09:57:10Z,"найткор,инди-рок","3590538 Records DK2",0.402,0.786,8,-6.757,0,0.0807,0.344,0,0.171,0.394,157.324,4
spotify:track:0719Ic2J9qq7ft5H8aAlzX,"Кити","Кити","Volodymyr Dantes",2023-08-18,143709,32,false,,2023-08-24T14:20:39Z,"","BEST MUSIC",0.596,0.661,9,-6.912,1,0.0306,0.023,0.00017,0.348,0.341,77.54,4
spotify:track:1gOLAXVJgrCiuwZBWJob5t,"Bring Me Down - Nightcore","Bring Me Down (Nightcore)","Cherry 葵 Nightcore;ZeroMizKun Nightcore;Atoms to Ashes",2023-08-11,176920,6,false,,2023-08-24T14:20:07Z,"найткор","Cherry 葵",0.667,0.819,0,-5.249,1,0.0265,0.0319,0.0000464,0.356,0.78,103.834,4
spotify:track:5MFiRjxoGZomHJ0BNQCnNW,"Up In The Sky","Up In The Sky","Jonny T;Foreign Figures",2022-04-22,187195,41,false,,2023-08-12T12:32:52Z,"","Foreign Figures",0.578,0.6,9,-4.701,0,0.0294,0.0505,0.0000658,0.413,0.339,92.557,4
spotify:track:1XJyeEwipUb3YFE3B3UKeq,"Golden Age","Golden Age","Foreign Figures;Jonny T",2023-05-19,145625,44,false,,2023-08-12T12:32:44Z,"","Foreign Figures",0.486,0.651,10,-6.297,0,0.0735,0.447,0,0.175,0.397,155.978,4
spotify:track:6A2f2zK7E808HMHbygl9gD,"Dark Room","Dark Room","Foreign Figures;Jonny T",2022-04-08,169345,57,false,,2023-08-12T12:32:28Z,"","Foreign Figures",0.662,0.725,4,-5.814,0,0.0435,0.426,0.00000158,0.278,0.508,87.023,4
spotify:track:5eNiHDxe8cnq0GtIcVbo0p,"Silver Screen","Silver Screen","Jonny T;Foreign Figures",2021-01-08,178532,45,false,,2023-08-12T12:31:57Z,"","Foreign Figures",0.814,0.448,1,-8.157,1,0.126,0.119,0.00397,0.119,0.501,91.994,4
spotify:track:3KYlJHbxbXvJQPLBx3L4Ci,"Coffee Stops","Coffee Stops","MUNICH MONSTRS",2023-08-04,165000,36,false,,2023-08-11T16:59:16Z,"","Chillout Tales",0.63,0.54,0,-7.803,1,0.0561,0.78,0.0571,0.113,0.188,99.978,4
spotify:track:4rwqA5x9N7DCENCxg5n0m1,"Пристрасть","Пристрасть","100лиця",2023-08-10,166590,36,false,,2023-08-11T09:31:15Z,"","Naprocente music",0.616,0.557,6,-6.185,1,0.0392,0.578,0.00000105,0.356,0.292,144.876,4
spotify:track:22dUzMFttcR3uU17NcOAIv,"Desire (with Sam Smith)","Desire (with Sam Smith)","Calvin Harris;Sam Smith",2023-07-28,179161,70,false,,2023-08-11T09:31:06Z,"edm,софт-поп","Columbia",0.587,0.924,11,-5.433,0,0.0457,0.0311,0.0171,0.23,0.509,140.009,4
spotify:track:6UP8VJgckSMAYlbGHHXkpD,"Don't need your love","Don't need your love","MELOVIN",2023-08-02,123781,14,false,,2023-08-11T09:31:01Z,"","BIG HOUSE MELOVIN",0.565,0.762,9,-4.451,0,0.0416,0.0147,0,0.173,0.273,145.018,4
spotify:track:0q4x6lJiq5OtamKvngBnmI,"Lullaby","Lullaby","Thunder",2023-08-04,161000,15,false,,2023-08-11T09:30:52Z,"тропикал-хаус","Lilly Era",0.699,0.589,0,-8.01,1,0.0984,0.4,0.000689,0.126,0.251,119.956,4
spotify:track:782s5OwxrhDQmm2VHEPmJA,"Trauma","Trauma","BoyWithUke",2023-08-04,163253,35,false,,2023-08-11T09:30:45Z,"","Mercury Records/Republic Records",0.764,0.612,9,-7.062,1,0.0928,0.482,0,0.129,0.51,104.994,4
spotify:track:4CF2kfjXhpBkoLkBQJxoK3,"Unstoppable - Nightcore","Unstoppable (Nightcore)","Cherry 葵 Nightcore;ZeroMizKun Nightcore;Onlap",2023-08-04,173962,18,false,,2023-08-11T09:30:42Z,"найткор","Cherry 葵",0.492,0.984,10,-4.455,0,0.106,0.000174,0,0.121,0.354,104.877,4
spotify:track:6yPfhJH9EjrJZMCevkN7a9,"Valley of Death","Dominion","Skillet",2022-01-14,267195,39,false,,2023-08-10T07:09:20Z,"христианский рок,христианский альтернативный рок,христианская музыка","Atlantic Records",0.468,0.467,0,-5.951,0,0.0303,0.115,0,0.136,0.208,80.099,4
spotify:track:7yDZVAGn7CGNynMjLzOdFY,"До берега йду","До берега йду","KALUSH",2023-07-28,177103,19,false,,2023-07-28T22:43:02Z,"","Columbia Local",0.79,0.753,8,-3.099,0,0.0673,0.0314,0,0.144,0.79,144.838,4
spotify:track:2sGlzNEN74khZtPK57lfuq,"House on a Hill (feat. Em Beihold)","House on a Hill (feat. Em Beihold)","Eric Nam;Em Beihold",2023-07-21,198986,25,false,,2023-07-28T22:42:38Z,"k-pop","The Eric Nam Company, Inc.",0.771,0.737,11,-5.202,1,0.0427,0.513,0.0000142,0.112,0.696,131.998,4
spotify:track:1lcd16oUB2iLWazgg2RsUc,"Магніт","Магніт","ХАС",2023-07-28,146086,7,false,,2023-07-28T22:42:22Z,"","ХАС",0.819,0.612,1,-8.06,0,0.0801,0.581,0.000026,0.123,0.492,114.967,4
spotify:track:6ulJylRdpaB2dXStUYZwZd,"Smoking Gun","Smoking Gun","Stellar",2023-07-28,151483,53,false,,2023-07-28T22:42:17Z,"","Stellar",0.715,0.724,6,-6.073,1,0.0277,0.0271,0,0.388,0.87,111.056,4
spotify:track:3H0bhK0IHj0kG8zOqrpDIu,"Robots - Nightcore","Robots (Nightcore)","Cherry 葵 Nightcore;ZeroMizKun Nightcore;We Are The Empty",2023-07-21,187334,10,false,,2023-07-28T22:42:08Z,"найткор","Cherry 葵",0.559,0.816,0,-5.802,0,0.0536,0.000111,0.0503,0.055,0.488,98.983,4
spotify:track:0bs5Nbnk6nDjxcgqfehx9v,"STAR WALKIN' (League of Legends Worlds Anthem)","STAR WALKIN' (League of Legends Worlds Anthem)","Lil Nas X",2022-09-22,210575,55,false,,2023-07-28T22:41:46Z,"","Columbia",0.634,0.691,2,-4.971,0,0.0458,0.143,0,0.097,0.316,141.831,4
spotify:track:6ddtgsq9Q1psQr3jIlG8bA,"Friday I'm in Love","Friday I'm in Love","SRTW;Neptone",2023-07-21,135849,47,false,,2023-07-23T11:04:00Z,"тропикал-хаус","We Are Diamond",0.757,0.533,5,-8.994,1,0.0522,0.447,0.000195,0.142,0.144,112.048,4
spotify:track:2zgDO7fQPebAAlctSybsar,"We Don't Talk Anymore - Nightcore","We Don't Talk Anymore (Nightcore)","Cherry 葵 Nightcore;HAZLYE",2023-07-14,189108,13,false,,2023-07-23T11:03:05Z,"найткор","Cherry 葵",0.326,0.837,6,-7.644,0,0.34,0.577,0.0000978,0.199,0.652,106.522,4
spotify:track:6Q5WbgNt923NkIr8Oxc2Oh,"Take It Slow","Take It Slow","Wavey",2023-06-29,161468,20,false,,2023-07-10T14:34:00Z,"тропикал-хаус","Endless Bliss",0.684,0.727,4,-10.98,1,0.0378,0.117,0.346,0.172,0.103,110.032,4
spotify:track:4NL6HJer1ViiI2BEWO1d3c,"Shine On","Shine On","Legends of Runeterra;Brain Tan;League of Legends;Abigail Osborn",2023-06-21,232105,0,false,,2023-07-10T13:46:54Z,"","Riot Games",0.494,0.761,11,-5.251,0,0.0789,0.047,0.00000237,0.116,0.426,152.073,4
spotify:track:5y8ipZgObegsfPm7nReDOx,"Who I Am - Nightcore (Urban Remix)","Who I Am [Nightcore (Urban Remix)]","Cherry 葵 Nightcore;Eralise",2023-06-30,168306,9,false,,2023-07-10T12:23:10Z,"найткор,рэп-метал","Cherry 葵",0.327,0.957,8,-6.168,1,0.487,0.0096,0.767,0.126,0.139,84.23,4
spotify:track:4tZDUt8vHpvjfOXcHwOvtq,"The Search - Edit","The Search (Edit)","NF",2019-06-07,197694,68,false,,2023-07-03T10:58:09Z,"христианский хип-хоп","NF Real Music",0.831,0.851,2,-3.397,1,0.207,0.552,0,0.106,0.496,119.958,4
spotify:track:69Sy7207dnixZ6w7RSV9Kb,"RISE","RISE","League of Legends;Mako;The Word Alive;The Glitch Mob",2018-09-28,192881,9,false,,2023-06-30T12:04:37Z,"метал-кор,постхард-кор,глитч,дабстеп","Riot Games",0.459,0.663,8,-5.939,0,0.1,0.0169,0,0.0621,0.412,176.791,4
spotify:track:4yLoZbvsw3UXMgOgylYgQn,"Sinner","Magazines Or Novels","Andy Grammer",2014-08-05,220727,0,false,,2023-06-30T12:01:00Z,"","S-Curve Records",0.636,0.787,2,-6.584,1,0.0306,0.00319,0,0.163,0.351,111.983,4
spotify:track:6i0V12jOa3mr6uu4WYhUBr,"Heathens","Heathens","Twenty One Pilots",2016-06-16,195920,86,false,,2023-06-30T11:55:56Z,"","Atlantic Records",0.732,0.396,4,-9.348,0,0.0286,0.0841,0.0000358,0.105,0.548,90.024,4
spotify:track:3P3i2ratUjex3HJEF8aAVi,"Hurricane","I","Ofenbach;Ella Henderson",2022-09-02,147139,64,false,,2023-06-28T16:01:12Z,"","Elektra France",0.56,0.851,2,-2.851,0,0.0486,0.225,0.0000029,0.177,0.461,125.947,4
spotify:track:0ked784BOZ1JtRVHux98jE,"Burn It All Down","Burn It All Down","League of Legends;PVRIS",2021-09-28,201840,3,false,,2023-06-28T12:53:01Z,"","Riot Games",0.553,0.694,9,-6.561,0,0.0603,0.000629,0.00000456,0.121,0.231,145.149,4
spotify:track:2bL2gyO6kBdLkNSkxXNh6x,"Animals","V","Maroon 5",2014-09-02,231013,87,false,,2023-06-28T10:47:31Z,"поп","Interscope Records*",0.279,0.742,4,-6.46,0,0.0898,0.000185,0,0.593,0.328,189.868,4
spotify:track:7sA2SKTo1QbTSSYn5YvJC4,"Sharks","Mercury - Acts 1 & 2","Imagine Dragons",2022-07-01,190883,75,false,,2023-06-28T10:42:37Z,"","Kid Ina Korner / Interscope",0.927,0.642,10,-4.466,0,0.0657,0.00791,0.0000362,0.279,0.901,123.969,4
spotify:track:7amfTemBf8YlQr96FsOzgj,"Can’t Forget You (feat. James Blunt)","Can’t Forget You (feat. James Blunt)","James Carter;Ofenbach;James Blunt",2023-04-14,149091,46,false,,2023-06-28T08:42:40Z,"","FFRR",0.719,0.727,6,-5.933,1,0.0389,0.0315,0.163,0.0591,0.532,123.988,4
spotify:track:1Mf27cnAF1Q6Ko83XTM5d1,"Glitter & Gold","The Attractions Of Youth","Barns Courtney",2017-09-29,176093,70,false,,2023-06-27T00:35:00Z,"","EMI",0.487,0.625,8,-5.112,1,0.0401,0.374,0,0.226,0.351,170.397,4
spotify:track:3CRDbSIZ4r5MsZ0YwxuEkn,"Stressed Out","Blurryface","Twenty One Pilots",2015-05-15,202333,89,false,,2023-06-26T22:41:02Z,"","Fueled By Ramen",0.734,0.637,4,-5.677,0,0.141,0.0462,0.0000229,0.0602,0.648,169.977,4
spotify:track:2J2Z1SkXYghSajLibnQHOa,"Unstoppable","This Is Acting","Sia",2016-01-29,217746,83,false,,2023-06-26T22:02:15Z,"","Monkey Puzzle Records/RCA Records",0.468,0.779,9,-4.839,1,0.0779,0.112,0.000373,0.101,0.26,173.799,4
spotify:track:0NZPBYD5qbEWRs3PrGiRkT,"Unholy (feat. Kim Petras)","Gloria","Sam Smith;Kim Petras",2023-01-27,156943,76,false,,2023-06-26T22:01:29Z,"софт-поп","Capitol Records UK / EMI",0.719,0.454,2,-7.384,1,0.0707,0.0138,0.00000483,0.318,0.224,131.007,4
spotify:track:6VuztO5yaKP4VjqSkZxpan,"On My Own","What I've Become","Ashes Remain",2011-08-23,172960,66,false,,2023-06-26T18:55:44Z,"христианский рок,христианский альтернативный рок","Fair Trade/Columbia",0.361,0.871,8,-4.313,1,0.0393,0.0119,0,0.318,0.575,176.026,4
spotify:track:72I5gb06T9KIESon4AWY8S,"Lock Me Up","Lock Me Up","The Cab",2014-01-01,209626,52,false,,2023-06-26T13:32:10Z,"","Universal Records",0.687,0.857,0,-6.31,0,0.034,0.0852,0,0.467,0.68,94.011,4
spotify:track:2pwnEzgIzYL4AOw4ousjkB,"Let the Games Begin","Let the Games Begin","AJR",2015-10-23,201004,0,true,,2023-06-26T12:32:54Z,"","AJR Productions",0.664,0.698,10,-5.084,1,0.067,0.127,0,0.118,0.573,135.023,4
spotify:track:3px2rAPu74ltbkf9eZsZ8h,"Emperor's New Clothes","Death of a Bachelor","Panic! At The Disco",2016-01-15,158666,70,false,,2023-06-26T11:15:00Z,"змо","Decaydance/Fueled By Ramen",0.562,0.904,1,-4.947,1,0.0807,0.00302,0,0.0433,0.651,94.481,4
spotify:track:7oTQ4d0UJeH8LOyvpfd5uW,"I’m So Sorry","Smoke + Mirrors (Deluxe)","Imagine Dragons",2015-05-11,230226,67,false,,2023-06-26T01:36:15Z,"","Kid Ina Korner / Interscope",0.528,0.687,2,-5.954,0,0.0532,0.144,0,0.251,0.423,142.605,4
spotify:track:04aAxqtGp5pv12UXAg4pkq,"Centuries","American Beauty/American Psycho","Fall Out Boy",2015-01-16,228360,85,false,,2023-06-24T16:58:36Z,"змо,поп-панк","Island Records",0.393,0.858,4,-2.868,0,0.0729,0.00359,0,0.102,0.56,176.042,4
spotify:track:1W0YS64vF9qgMVLuN76aqg,"Rise","Rise (Deluxe Edition)","Skillet",2013-06-21,260786,68,false,,2023-06-24T16:22:51Z,"христианский рок,христианский альтернативный рок,христианская музыка","Atlantic Records",0.57,0.921,4,-3.892,0,0.0724,0.0127,0,0.818,0.381,87.938,4
spotify:track:05e1CoIPmXLy6aPBotZlTZ,"Self Destruction Mode","Self Destruction Mode","The Chainsmokers;bludnymph",2023-06-02,147836,47,false,,2023-06-24T16:22:25Z,"","Disruptor Records/Columbia",0.623,0.633,9,-6.15,0,0.0653,0.161,0,0.214,0.549,160.045,4
spotify:track:0glkN4wg2SZnMEcIrisfap,"Can't Stop Me Now","Oh the Larceny","Oh The Larceny",2017-01-27,180505,0,false,,2023-06-24T16:22:21Z,"","Position Music",0.642,0.753,7,-5.064,1,0.0716,0.0269,0.0000276,0.048,0.536,89.002,4
spotify:track:4Wu62DoQg1ECGlDKDfo30R,"Hero","Hero","Martin Garrix;JVKE",2022-12-08,160714,59,false,,2023-06-24T16:22:15Z,"edm,прогрессивный хаус,электроника","Epic Amsterdam",0.534,0.696,9,-5.211,0,0.0694,0.316,0,0.248,0.251,168.149,4
spotify:track:0eJmsdfbAOM1KD0w50EhlD,"SUPERMODEL","RUSH!","Måneskin",2023-01-20,148064,69,false,,2023-06-24T14:31:13Z,"","Epic",0.634,0.877,7,-3.413,1,0.055,0.00159,0,0.119,0.801,120.965,4
spotify:track:6Tvzf3VEi16JMhAgOwdt2y,"Birds","Origins (Deluxe)","Imagine Dragons",2018-11-09,219440,74,false,,2023-06-23T15:58:37Z,"","Kid Ina Korner / Interscope",0.649,0.516,1,-7.428,0,0.0297,0.0146,0.00000156,0.145,0.35,119.997,4
spotify:track:3CIyK1V4JEJkg02E4EJnDl,"Enemy (with JID) - from the series Arcane League of Legends","Mercury - Acts 1 & 2","Imagine Dragons;JID;Arcane;League of Legends",2022-07-01,173381,81,false,,2023-06-23T15:58:19Z,"киномузыка","Kid Ina Korner / Interscope",0.728,0.783,11,-4.424,0,0.266,0.237,0,0.434,0.555,77.011,4
spotify:track:5qaEfEh1AtSdrdrByCP7qR,"Demons","Night Visions","Imagine Dragons",2012-09-04,177506,86,false,,2023-06-23T15:57:58Z,"","Kid Ina Korner / Interscope",0.5,0.71,3,-3.015,1,0.0339,0.19,0.00025,0.269,0.419,89.929,4
spotify:track:0pqnGHJpmpxLKifKRmU6WP,"Believer","Evolve","Imagine Dragons",2017-06-23,204346,89,false,,2023-06-23T15:57:57Z,"","Kid Ina Korner / Interscope",0.776,0.78,10,-4.374,0,0.128,0.0622,0,0.081,0.666,124.949,4
spotify:track:3vThV17aiX6dGokusu6j8N,"Dull Knives","Mercury - Acts 1 & 2","Imagine Dragons",2022-07-01,213481,54,false,,2023-06-23T14:09:07Z,"","Kid Ina Korner / Interscope",0.51,0.616,6,-6.997,1,0.0473,0.00255,0.00000638,0.0523,0.32,110.346,4
spotify:track:1qaWM3wK6aZZALpAPVdZ6D,"Ferris Wheel","Mercury - Acts 1 & 2","Imagine Dragons",2022-07-01,203875,48,false,,2023-06-23T12:56:06Z,"","Kid Ina Korner / Interscope",0.392,0.355,0,-8.316,1,0.0322,0.781,0,0.108,0.208,118.451,4
spotify:track:2FY7b99s15jUprqC0M5NCT,"Natural","Origins (Deluxe)","Imagine Dragons",2018-11-09,189466,82,false,,2023-06-23T12:51:53Z,"","Kid Ina Korner / Interscope",0.704,0.611,2,-6.112,1,0.041,0.217,0,0.0812,0.22,99.994,4
spotify:track:5KXp9E22MHunsS4W4PNBUf,"Cutthroat","Mercury - Acts 1 & 2","Imagine Dragons",2022-07-01,169741,53,false,,2023-06-23T12:45:19Z,"","Kid Ina Korner / Interscope",0.668,0.626,7,-5.278,1,0.315,0.0833,0.0116,0.0782,0.679,165.926,4
spotify:track:4uyDe8SeM0Nsgzp9KMtXWn,"Monster","Smoke + Mirrors (Deluxe)","Imagine Dragons",2015-10-23,250506,57,false,,2023-06-23T12:40:27Z,"","Kid Ina Korner / Interscope",0.483,0.768,3,-5.431,1,0.0732,0.207,0.000644,0.103,0.406,179.957,4
spotify:track:5qRt4howTYyg3XzSNySKO8,"Easy Come Easy Go","Mercury - Acts 1 & 2","Imagine Dragons",2022-07-01,179872,55,false,,2023-06-23T12:39:47Z,"","Kid Ina Korner / Interscope",0.673,0.459,3,-7.274,0,0.0515,0.294,0,0.0942,0.477,139.817,4
spotify:track:2ThaHV10xrAcL2WfqXyLnp,"Symphony","Mercury - Acts 1 & 2","Imagine Dragons",2022-07-01,175833,62,false,,2023-06-23T12:34:05Z,"","Kid Ina Korner / Interscope",0.662,0.64,7,-5.223,1,0.0742,0.0227,0,0.142,0.921,90.002,4
spotify:track:7KGwRAF99Ryell3B2T4DKy,"They Don't Know You Like I Do","Mercury - Acts 1 & 2","Imagine Dragons",2022-07-01,257875,47,false,,2023-06-23T00:30:34Z,"","Kid Ina Korner / Interscope",0.356,0.167,9,-9.355,1,0.0353,0.192,0,0.108,0.164,149.675,4
spotify:track:54ipXppHLA8U4yqpOFTUhr,"Bones","Mercury - Acts 1 & 2","Imagine Dragons",2022-07-01,165264,83,false,,2023-06-23T00:26:03Z,"","Kid Ina Korner / Interscope",0.772,0.75,5,-3.67,0,0.0455,0.0201,0,0.074,0.587,114.061,4
spotify:track:3zT2616WcD9Df5m21OsCX0,"Rise Up","Evolve","Imagine Dragons",2017-06-23,231720,68,false,,2023-06-23T00:17:09Z,"","Kid Ina Korner / Interscope",0.447,0.74,3,-6.606,1,0.0475,0.0122,0.000242,0.0958,0.103,93.763,4
spotify:track:0LtkAAEpEp1lkLX1ZvjHZb,"Follow You","Mercury - Acts 1 & 2","Imagine Dragons",2022-07-01,175643,71,false,,2023-06-22T23:48:19Z,"","Kid Ina Korner / Interscope",0.544,0.732,9,-5.984,1,0.0524,0.00197,0.0000506,0.486,0.45,124.875,4
spotify:track:0ct0vSOkP0IZnbPGiDltCR,"I Bet My Life","Smoke + Mirrors (Deluxe)","Imagine Dragons",2015-05-11,192706,63,false,,2023-06-22T23:48:13Z,"","Kid Ina Korner / Interscope",0.545,0.659,1,-8.18,1,0.0394,0.367,0.00111,0.415,0.599,108.04,4
spotify:track:2RSHsoi04658QL5xgQVov3,"Bad Liar","Origins (Deluxe)","Imagine Dragons",2018-11-09,260773,83,false,,2023-06-22T23:39:14Z,"","Kid Ina Korner / Interscope",0.307,0.637,3,-6.993,1,0.0569,0.0732,0,0.368,0.0805,88.693,4
spotify:track:0VY5LkH0qbPPeHpyjBo8aI,"More Than Friends","More Than Friends","Stellar;MOONLGHT;SIDD",2023-06-26,126157,43,false,,2023-06-22T23:38:34Z,"","Stellar",0.722,0.76,4,-8.979,1,0.0357,0.0584,0.00448,0.133,0.33,124.036,4
spotify:track:3otrW6Zv0ESgU1FYRdzE1e,"Day By Day - Nightcore","Day By Day (Nightcore)","Cherry 葵 Nightcore;Mosaic",2023-06-16,195107,11,false,,2023-06-22T23:38:27Z,"найткор","Cherry 葵",0.41,0.912,10,-8.04,0,0.188,0.0316,0.000409,0.28,0.593,177.84,4
spotify:track:6qJqN1SbjwxAEoDkjfnAwr,"Symphony - Inner City Youth Orchestra of Los Angeles Version","Symphony (Inner City Youth Orchestra of Los Angeles Version)","Imagine Dragons",2023-06-23,188688,45,false,,2023-06-22T23:38:19Z,"","KIDinaKORNER/Interscope Records",0.684,0.654,7,-6.824,1,0.054,0.0995,0,0.903,0.845,89.972,4
spotify:track:5OhbeBDmTt3Jpq3TErcpfs,"Don't Follow Me","Don't Follow Me","SRTW;Zephyr",2023-06-16,133069,33,true,,2023-06-21T23:51:39Z,"тропикал-хаус","We Are Diamond",0.732,0.558,11,-7.832,1,0.0336,0.6,0.00543,0.0942,0.355,100.971,4
spotify:track:312MdcLtTjxEkv3MHzlRdt,"Runaway","Runaway","Nora Van Elken",2023-06-16,199879,14,false,,2023-06-21T23:40:38Z,"тропикал-хаус","Eternal Nights",0.671,0.784,7,-6.031,1,0.038,0.0145,0.000268,0.07,0.249,123.964,4
spotify:track:3iHj7vLIgNHiIebf0ya8nO,"Burn","Burn","Jake Daniels",2023-06-16,154000,35,false,,2023-06-21T23:40:27Z,"дарк-R&B","CloudKid",0.637,0.754,2,-6.138,1,0.0521,0.292,0.0000594,0.0877,0.464,120.046,4
spotify:track:2GKZqpa4S4Nlyfualbyh6t,"Bad Habits - Nightcore","Bad Habits (Nightcore)","Cherry 葵 Nightcore;HAZLYE",2023-06-09,211710,16,false,,2023-06-21T23:39:59Z,"найткор","Cherry 葵",0.547,0.723,7,-7.14,0,0.0605,0.231,0.000867,0.108,0.169,133.943,4
spotify:track:6W52UxtKh5GzKAbeHQLIqD,"Wake Up Like This","Wake Up Like This","Lonely Night;Ari;Nody",2023-06-16,186341,0,false,,2023-06-21T23:39:54Z,"тропикал-хаус","Lost Vibes",0.636,0.685,6,-4.721,1,0.0392,0.015,0,0.486,0.42,123.006,4
spotify:track:6rPrmufk2B0Yg5b9BXU9cK,"love again","love again","rayn;6sept;Nethy Aber",2023-06-16,152308,21,false,,2023-06-21T23:39:22Z,"тропикал-хаус,слэп-хаус","Lilly Era",0.638,0.799,11,-6.937,0,0.0585,0.314,0.0000124,0.462,0.49,118.93,4
spotify:track:1PL6uNB40gaL320aNNlmWn,"Чуєш","Чуєш","Volodymyr Dantes",2023-06-16,160196,38,false,,2023-06-21T23:38:30Z,"","BEST MUSIC",0.634,0.624,9,-7.499,1,0.0709,0.0151,0,0.115,0.546,153.114,4
spotify:track:0c6ntE3VOlVSDd1Euj7GUG,"As They Bloom","Cherry Blossom Nightmare","Unlike Pluto",2022-11-18,237259,48,false,,2023-06-12T20:47:28Z,"","Unlike Pluto",0.577,0.822,1,-7.008,1,0.0405,0.00681,0.0418,0.425,0.276,104.095,4
spotify:track:6qNB4lx3aAW8EXObRSHQoN,"Melt into the Ceiling","Melt into the Ceiling","Adam Jensen",2023-06-01,197129,29,false,,2023-06-06T00:54:10Z,"","Adam Jensen",0.62,0.734,9,-3.634,1,0.0283,0.193,0.0000241,0.12,0.232,166.141,4
spotify:track:651Jrcy34X9kk53g2JNMnI,"Feels Like Home - Nightcore","Feels Like Home (Nightcore)","Cherry 葵 Nightcore;ZeroMizKun Nightcore;Atoms to Ashes",2023-05-26,231770,8,false,,2023-06-06T00:54:01Z,"найткор","Cherry 葵",0.518,0.839,7,-8.794,1,0.0678,0.0253,0.00176,0.114,0.541,139.789,4
spotify:track:5tZJnZeQPk3iOdoOyQ4sw0,"Сумував без вас засранці","Сумував без вас засранці","VovaZiLvova",2020-10-09,120000,0,true,,2023-06-05T13:56:33Z,"","Hitwonder",0.747,0.789,1,-5.273,1,0.171,0.00497,0,0.0969,0.393,129.95,4
spotify:track:36ezoymyNwbUSHSNiuI10A,"Хороший хлопець","Ти лиш людина","Tember Blanche",2023-04-07,168394,31,false,,2023-06-05T13:41:00Z,"","Tember Blanche",0.741,0.534,0,-10.838,1,0.083,0.295,0.037,0.147,0.471,140.066,4
spotify:track:5HTq6lMpz8RPRU4Qv5HOQZ,"Survive","EPIC: The Cyclops Saga (Original Concept Album)","Jorge Rivera-Herrans;Steven Dookie;Armando Julián;EPIC Ensemble",2023-01-27,195652,0,false,,2023-05-31T13:18:52Z,"мюзиклы","BRP Records LLC",0.392,0.721,5,-6.412,0,0.077,0.00386,0,0.22,0.283,76.784,4
spotify:track:2CUSdI74D2yqrvEXRQq2Xl,"Wildfire","Honkai: Star Rail - Of Snow and Ember (Original Game Soundtrack)","HOYO-MiX;Jonathan Steingard;宫奇",2023-05-02,218242,56,false,,2023-05-31T12:29:59Z,"саундтреки,современная церковная музыка","miHoYo",0.458,0.934,11,-5.556,0,0.15,0.0519,0,0.144,0.364,144.142,4
spotify:track:1qzpOtBShCEN7w1ZBFW4MY,"Under The Ladder","OCTOPUS","MELOVIN",2019-01-01,180010,40,false,,2023-05-27T21:10:00Z,"","BIG HOUSE MELOVIN",0.573,0.75,10,-6.275,0,0.039,0.00251,0.0000239,0.1,0.48,139.933,4
spotify:track:53kTIwjx2QACiyiJm2J0bS,"That's Your Role","OCTOPUS","MELOVIN",2019-01-01,189500,33,false,,2023-05-27T20:48:28Z,"","BIG HOUSE MELOVIN",0.727,0.685,5,-6.21,0,0.0392,0.0885,0.0000265,0.133,0.722,120.03,4
spotify:track:4mm1sQCMHG5Z4M0rIFwibp,"Ти","OCTOPUS","MELOVIN",2019-01-01,193501,39,false,,2023-05-27T20:46:30Z,"","BIG HOUSE MELOVIN",0.703,0.728,2,-6.62,1,0.029,0.313,0.0000373,0.0694,0.733,104.996,4
spotify:track:2JP1FK1XbgU95SaGBDE6sy,"My Final Symphony","My Final Symphony","Layto",2020-02-05,140629,34,true,,2023-05-26T22:25:37Z,"дарк-R&B","CloudKid",0.731,0.524,8,-7.861,1,0.0541,0.0671,0.000071,0.177,0.552,166.507,4
spotify:track:0Eyt4W2SNIuzvk74O6yHEq,"І кров кипить","І кров кипить","MELOVIN",2021-01-01,180750,34,false,,2023-05-18T21:22:06Z,"","BIG HOUSE MELOVIN",0.614,0.643,9,-8.075,0,0.12,0.344,0,0.0857,0.369,79.988,4
spotify:track:1y8ooe9Zr1PMIxrOwNeeOi,"I Won't","I Won't","AJR",2022-07-29,168426,47,true,,2023-05-08T17:20:55Z,"","Mercury Records / Republic Records",0.387,0.745,9,-6.226,0,0.184,0.0186,0,0.359,0.449,161.873,4
spotify:track:4u8Gkqyg87iGSW3hQbbnQZ,"Burn the House Down","The Click (Deluxe Edition)","AJR",2018-09-21,212689,62,true,,2023-05-08T17:20:29Z,"","Black Butter",0.454,0.66,0,-4.357,1,0.168,0.0364,0,0.181,0.568,184.353,4
spotify:track:4cRdQSur6fUPZppjmhPigi,"На небі ні зорі","На небі ні зорі","Jerry Heil",2023-04-21,145090,0,false,,2023-05-03T23:05:54Z,"","Jerry Heil",0.786,0.653,4,-5.134,0,0.0418,0.319,0.0000067,0.147,0.179,109.982,4
spotify:track:1lZwkwcxMFtFFToaBtLzaW,"O Fortuna","O Fortuna","Marc Benjamin;Carl Orff",2023-04-28,171180,29,false,,2023-05-03T23:05:48Z,"слэп-хаус,биг-рум,фьюче-хаус,опера","Universal Music Division Decca Records France",0.702,0.88,2,-4.514,0,0.0464,0.00327,0.927,0.494,0.234,125.026,4
spotify:track:7soY9QzpSB9vI1LKwVxDuY,"Devil On My Shoulder","Devil On My Shoulder","Lost Stars",2023-04-21,180571,34,false,,2023-05-03T23:05:17Z,"","Lost Stars",0.703,0.655,11,-4.298,1,0.16,0.0142,0.00000289,0.0618,0.859,104.985,4
spotify:track:7tHooYkoaE0myuzkPjyNHX,"Очі","Очі","Артем Пивоваров;Quest Pistols",2023-04-28,199386,41,false,,2023-05-03T23:05:11Z,"","BEST MUSIC",0.721,0.864,1,-3.058,0,0.0676,0.0811,0.0000789,0.112,0.476,106,4
spotify:track:3hLJsfKzzFfLcwzz0iwb7F,"Down for You","Down for You","Mellowdy",2023-04-28,150522,16,false,,2023-05-03T23:05:00Z,"тропикал-хаус","Chillout Tales",0.583,0.668,9,-7.429,1,0.0499,0.132,0.88,0.352,0.169,116.94,4
spotify:track:1VpPYxtocucsD9iTyABevK,"Skull n Bones","Skull n Bones","Stileto",2023-04-28,145116,48,true,,2023-05-03T23:04:46Z,"","CloudKid",0.434,0.887,10,-2.36,0,0.423,0.488,0,0.15,0.33,172.225,4
spotify:track:6R1opuykWYEONSMFc4aOLu,"Sound Of Victory","Sound Of Victory","City Wolf",2023-04-28,221052,17,false,,2023-05-03T23:04:30Z,"","Riptide Music Group",0.575,0.842,1,-8.757,1,0.0606,0.0106,0,0.11,0.413,152.04,4
spotify:track:4QNJeD16yTbZPfIDOmH5yo,"Lights Turn Off","Lights Turn Off","Lonely Night;Nody;Lost Dreamers",2023-04-28,168000,0,false,,2023-05-03T23:04:05Z,"тропикал-хаус","Lost Vibes",0.572,0.762,9,-5.461,0,0.0359,0.0867,0.00000101,0.115,0.415,130.041,4
spotify:track:4WGwxhNu2BktNLpvQjjlP3,"Жарівка","Жарівка","Gunna Chorna",2022-12-22,159000,10,false,,2023-05-02T15:38:42Z,"","palayu music",0.77,0.806,2,-3.918,1,0.0512,0.264,0.0654,0.0792,0.556,107.962,4
spotify:track:3TSRH5IgWTHc8QZSAmo4bz,"Cross My Heart I Hope U Die","Cross My Heart I Hope U Die","Meg Smith",2020-08-21,168874,51,false,,2023-04-19T23:16:00Z,"","NHMM LLC",0.889,0.687,11,-4.977,0,0.0572,0.125,0.0497,0.14,0.666,109.991,4
spotify:track:5bcTCxgc7xVfSaMV3RuVke,"Feels (feat. Pharrell Williams, Katy Perry & Big Sean)","Funk Wav Bounces Vol.1","Calvin Harris;Pharrell Williams;Katy Perry;Big Sean;Funk Wav",2017-06-30,223413,84,true,,2023-04-19T15:06:50Z,"edm,поп","Columbia",0.893,0.745,11,-3.105,0,0.0571,0.0642,0,0.0943,0.872,101.018,4
spotify:track:1HwbMf4EI01RVOqa8URjjQ,"Close To Me","Close To Me","Liu;Sevek",2022-06-10,147619,50,false,,2023-04-14T20:27:46Z,"brazilian bass,электроника","STMPD RCRDS",0.869,0.595,2,-7.716,1,0.0436,0.0292,0.00000404,0.0885,0.615,126.029,4
spotify:track:67p96tIoC4ESrod9kW331R,"Hot Air Balloon","FORΞVΞR (DΞLUXΞ ΞDITION)","Don Diablo;AR/CO",2021-11-05,173658,68,false,,2023-04-13T18:23:40Z,"фьюче-хаус,edm,афро-хаус","HEXAGON",0.815,0.71,6,-6.353,0,0.0469,0.129,0.528,0.113,0.572,122.967,4
spotify:track:1m4NvxRUZlkRCZJS8WZ7wZ,"Blown Away - Nightcore","Blown Away (Nightcore)","Cherry 葵 Nightcore;ZeroMizKun Nightcore;Atoms to Ashes",2023-03-10,145662,13,false,,2023-04-10T11:21:46Z,"найткор","Cherry 葵",0.6,0.932,1,-4.14,1,0.111,0.000493,0.436,0.11,0.566,114.409,4
spotify:track:1Y3lOE761H11H6RAXy9XIX,"Blue Banana Peel - Nightcore","Blue Banana Peel (Nightcore)","Cherry 葵 Nightcore;MYTCH",2022-04-15,153148,27,false,,2023-04-10T11:21:16Z,"найткор,дарк-R&B","Cherry 葵",0.488,0.959,5,-2.028,1,0.18,0.00777,0,0.659,0.559,177.351,4
spotify:track:1zmMj8vMIZe3LEbCaDZsGq,"Believe In U","Believe In U","Dizaro;Eneko Artola;Solar State",2020-06-05,146181,26,false,,2023-04-06T20:02:28Z,"статтер-хаус,тропикал-хаус,лаундж,фолк-поп","Soave Records",0.755,0.409,11,-8.499,0,0.0381,0.504,0,0.322,0.534,110.049,4
spotify:track:7ID9hY0L3R4GKtvUThHa0q,"Broken Waves","Broken Waves","Indigo Pool;Mushroom People",2021-09-10,146351,41,false,,2023-04-06T17:19:57Z,"","Chillout Tales",0.638,0.496,10,-7.304,1,0.0444,0.0952,0.0266,0.125,0.337,105.02,4
spotify:track:1qZMPmpD1jDcOA7gZ6TCde,"One (Your Name) - Radio Edit","One (Your Name)","Swedish House Mafia;Pharrell Williams",2010-01-01,163246,63,false,,2023-04-04T14:44:57Z,"edm","BMG Rights Management",0.733,0.673,9,-6.572,0,0.0333,0.0132,0.0049,0.16,0.636,125.061,4
spotify:track:6RB9YvNyP0RZfCUcMtZELH,"Freedom","Freedom","Pharrell Williams",2015-07-02,163226,75,false,,2023-04-04T14:39:17Z,"","Columbia",0.428,0.559,1,-6.374,0,0.067,0.395,0.0000356,0.136,0.607,86.459,4
spotify:track:60nZcImufyMA1MKQY3dcCH,"Happy - From ""Despicable Me 2""","G I R L","Pharrell Williams",2014-03-03,233306,85,false,,2023-04-04T12:02:18Z,"","Columbia",0.647,0.822,5,-4.662,0,0.183,0.219,0,0.0908,0.962,160.019,4
spotify:track:2KReCz1L5XkGIBhDncQ5VZ,"BABY SAID","RUSH!","Måneskin",2023-01-20,164682,73,false,,2023-03-18T21:14:17Z,"","Epic",0.622,0.715,6,-4.04,0,0.0323,0.000982,0,0.0796,0.607,131.012,4
spotify:track:4pt5fDVTg5GhEvEtlz9dKk,"I WANNA BE YOUR SLAVE","Teatro d'ira - Vol. I","Måneskin",2021-03-19,173346,85,true,,2023-03-18T21:03:22Z,"","RCA Records Label",0.75,0.608,1,-4.008,1,0.0387,0.00165,0,0.178,0.958,132.507,4
spotify:track:3HeZam86SuxGp1wZ3XMIjE,"She Said (Big Jet Plane)","She Said (Big Jet Plane)","Trinix;Queen D",2021-07-23,173750,73,false,,2023-03-14T11:48:31Z,"","Inside Records",0.808,0.538,0,-10.211,0,0.0608,0.108,0.0743,0.0555,0.416,108.026,4
spotify:track:33s2G0h9EOdyaKlKr15ngE,"Батьківщина","Батьківщина","SKOFKA;KALUSH",2022-12-16,222720,39,false,,2023-03-10T10:00:27Z,"","Columbia Local",0.768,0.56,9,-9.523,1,0.0485,0.289,0.0000433,0.119,0.502,124.985,4
spotify:track:6QLaAOhnMY1ZA1uxuRY4jE,"泣かないで、ウクライナ","泣かないで、ウクライナ","Jerry Heil",2022-08-19,176949,10,false,,2023-03-10T09:57:01Z,"","Japanenko",0.717,0.491,9,-6.021,0,0.0315,0.388,0.00174,0.204,0.355,117.961,4
spotify:track:2LI2RcE3eYiVXXo2Bhm8SH,"Более или Менее","Более или Менее","Volodymyr Dantes",2020-02-07,192580,21,false,,2023-03-03T00:14:49Z,"","BEST MUSIC",0.533,0.669,6,-6.132,1,0.0909,0.575,0,0.0994,0.451,156.498,4
spotify:track:5NRtdsFFlmyE8qDMgS08PE,"Running Out Of Time","This Is Why","Paramore",2023-02-10,192440,60,false,,2023-03-01T08:14:46Z,"поп-панк,змо","Atlantic Records",0.736,0.571,2,-7.522,1,0.0376,0.049,0.00398,0.067,0.557,127.021,4
spotify:track:4SOtTsuFYYlkOOvXMbroUv,"Sleepwalking","Sleepwalking","All Time Low",2022-10-07,187140,47,false,,2023-03-01T01:09:54Z,"поп-панк,змо,панк","Fueled By Ramen",0.424,0.682,11,-3.194,0,0.035,0.0248,0,0.0918,0.58,176.014,4
spotify:track:7Gm1XwQL5q72SX76nxuXtW,"Love From The Other Side - Edit","Love From The Other Side","Fall Out Boy",2023-01-18,247320,45,false,,2023-03-01T01:09:32Z,"змо,поп-панк","Fueled By Ramen",0.449,0.932,9,-5.314,1,0.101,0.000219,0.0000796,0.106,0.424,158.031,4
spotify:track:44Xyja7xYPlVC6v2CeweSi,"GOSSIP (feat. Tom Morello)","RUSH!","Måneskin;Tom Morello",2023-01-20,168280,77,true,,2023-03-01T01:09:22Z,"","Epic",0.704,0.819,9,-2.974,1,0.0626,0.00176,0,0.094,0.914,139.921,4
spotify:track:29d0nY7TzCoi22XBqDQkiP,"Running Up That Hill (A Deal With God) - 2018 Remaster","Hounds of Love (2018 Remaster)","Kate Bush",1985-09-16,300840,6,false,,2023-03-01T01:09:02Z,"арт-поп,барокко-поп,арт-рок","Rhino",0.625,0.533,10,-11.903,0,0.0596,0.659,0.00266,0.0546,0.139,108.296,4
spotify:track:1xwAWUI6Dj0WGC3KiUPN0O,"Vigilante Shit","Midnights","Taylor Swift",2022-10-21,164801,69,true,,2023-03-01T01:08:32Z,"","Taylor Swift",0.872,0.267,4,-10.764,0,0.387,0.166,0.0000218,0.123,0.168,79.964,4
spotify:track:2E43WFS4rRc09za2r2GmZl,"My Songs Know What You Did In The Dark (Light Em Up)","Save Rock And Roll","Fall Out Boy",2013-04-12,186826,80,false,,2023-03-01T01:08:27Z,"змо,поп-панк","Island Records",0.557,0.924,9,-4.341,0,0.064,0.0271,0.00000332,0.537,0.566,151.988,4
spotify:track:31SAy41C5sChbYNKanO9Qm,"Americana","Americana","THYPONYX;Emie",2020-10-08,162000,50,false,,2023-02-27T15:06:36Z,"слэп-хаус","KOEF Music Under exclusive license to Amuseio AB",0.676,0.846,0,-6.851,1,0.0823,0.0454,0.0000525,0.474,0.297,110.028,4
spotify:track:0QLb1y64s617SAnnDoUZLN,"Groundhog Day","Groundhog Day","Em Beihold",2021-05-28,173619,57,false,,2023-02-24T23:27:44Z,"","Republic Records/Moon Projects, LLC.",0.803,0.459,6,-8.124,1,0.0689,0.56,0,0.0747,0.51,84.967,4
spotify:track:1KQc37jezhunxnOPhvdwSG,"Numb Little Bug","Egg in the Backseat","Em Beihold",2022-07-22,169237,71,false,,2023-02-24T23:13:12Z,"","Republic Records/Moon Projects, LLC.",0.742,0.527,8,-6.892,0,0.0769,0.327,0,0.25,0.638,84.974,4
spotify:track:3dQkixAA0EprLAfta5lw2S,"Ibiza","Ibiza","Coffee Cub",2020-08-28,145833,43,false,,2023-02-22T12:11:21Z,"","Chillout Tales",0.687,0.414,1,-9.662,1,0.0526,0.124,0.334,0.101,0.378,108.065,4
spotify:track:3M214U0mwSm041GsQR3nrO,"Toxic","Serotonin Dreams","BoyWithUke",2022-05-06,168066,75,false,,2023-02-19T20:37:52Z,"","Republic Records",0.609,0.619,11,-5.677,1,0.311,0.749,0,0.264,0.689,179.71,4
spotify:track:2QPW157Ms76KiW8rByD73h,"Trouble","Trouble","Adam Jensen",2021-02-12,224141,48,false,,2023-02-18T13:20:57Z,"","Nettwerk Music Group",0.433,0.863,1,-6.213,0,0.0455,0.0397,0,0.0763,0.424,85.999,4
spotify:track:3OBP4Jyk0yfLIuxjwraRvs,"Heartless - Nightcore","Heartless (Nightcore)","Cherry 葵 Nightcore;Atoms to Ashes",2023-02-10,153776,9,false,,2023-02-17T00:44:42Z,"найткор","Cherry 葵",0.508,0.96,0,-3.096,1,0.106,0.00016,0.169,0.346,0.63,92.106,4
spotify:track:3gk54Rn4XL7nT61OZQ9BQe,"pSyChOsIs - Nightcore","pSyChOsIs (Nightcore)","Cherry 葵 Nightcore;MYTCH",2023-02-03,124839,37,false,,2023-02-15T16:57:50Z,"найткор,дарк-R&B","Cherry 葵",0.588,0.961,8,0.01,0,0.0864,0.0186,0,0.326,0.689,96.096,3
spotify:track:1LQLoQjIOBI5WzMBI39v8y,"Song 2","Song 2","Crypto;Confetti",2023-02-03,121384,35,false,,2023-02-15T16:57:46Z,"","CloudKid",0.657,0.87,10,-4.397,0,0.0851,0.000528,0.0000173,0.258,0.928,129.996,4
spotify:track:4NjujPB7uiaesE5BFzAWxL,"once upon a time","once upon a time","One Hope",2023-01-25,210807,0,false,,2023-02-15T16:57:36Z,"","760859 Records DK2",0.831,0.347,6,-7.056,0,0.109,0.146,0,0.343,0.345,98.047,4
spotify:track:19KHqVcSuiC1dCKGE9dV9w,"Amazing","Amazing","Oh The Larceny",2023-01-27,187800,0,false,,2023-02-15T16:57:12Z,"","Position Music",0.623,0.817,1,-5.455,1,0.0337,0.00136,0.0000462,0.319,0.748,100.006,4
spotify:track:14NdqvChjWiZxNx9eQ1Z8F,"Circus","Circus","IntoAlter;Jessica Chertock",2023-02-03,145548,13,false,,2023-02-15T16:57:07Z,"дип-хаус","Gaming Playlist",0.655,0.53,8,-8.989,1,0.0843,0.643,0,0.0853,0.283,77.497,4
spotify:track:0P2LetWrycitUHjLq5eDv1,"Ready to Die","Ready to Die","Adam Jensen",2023-01-27,178091,25,true,,2023-02-15T16:57:01Z,"","Adam Jensen",0.437,0.98,2,-3.43,1,0.082,0.00329,0.000895,0.186,0.559,179.962,4
spotify:track:10IVs0hHJbWtIfohYM20SB,"Bored to Death","Bored to Death","8 Graves",2023-01-27,207053,0,false,,2023-02-15T16:56:55Z,"","Independent",0.752,0.71,9,-3.962,1,0.0313,0.127,0.000268,0.033,0.859,94.003,4
spotify:track:1FtYN2OwwvNgxfqf5XsD6M,"Better Days","Better Days","Arman Cekin;Faydee;Karra",2019-11-15,187918,53,false,,2023-02-04T18:16:21Z,"","Arman Cekin under exclusive license to Amuseio AB",0.703,0.461,5,-10.581,0,0.0341,0.402,0.0000975,0.114,0.39,99.941,4
spotify:track:4gi2kndWShH9kDbb9kBfs6,"Fighter","Metamorph","The Score",2022-03-18,156666,59,false,,2023-02-02T21:51:10Z,"","The Score",0.521,0.835,8,-3.717,0,0.0728,0.0259,0.00011,0.091,0.482,160.031,4
spotify:track:6TfBA04WJ3X1d1wXhaCFVT,"You're Gonna Go Far, Kid","Rise And Fall, Rage And Grace","The Offspring",2008-06-17,177826,85,true,,2023-01-31T10:11:59Z,"панк,скейт-панк","Concord Records",0.55,0.917,0,-3.159,1,0.0638,0.00428,0,0.197,0.601,126.115,4
spotify:track:5flerg6aEao2VayZezVlgu,"Insane","Insane","Black Gryph0n;Baasik",2021-06-11,159714,76,false,,2023-01-30T14:56:11Z,"","Black Gryph0n & Baasik",0.716,0.712,4,-5.826,0,0.144,0.193,0,0.823,0.797,104.899,4
spotify:track:7uSrjkCgBwQJ6Ifaw5mJyg,"Walk Through Fire","Walk Through Fire","Chuxx Morris",2020-05-01,202915,0,false,,2023-01-30T14:38:57Z,"южная готика","Chuxx Morris",0.476,0.825,0,-4.481,1,0.0497,0.126,0.00000116,0.0706,0.448,167.982,4
spotify:track:7vhjT5WS4iPJjBIbIwCywU,"I Don't Give A Fuck About It","I Don't Give A Fuck About It","DAMPSTATE;Dolo Tonight;Roe Kapara;Ethan Ross;Neanderthal",2021-07-02,203689,35,true,,2023-01-30T14:04:48Z,"трэп-метал,фонк","Aviencloud Records",0.71,0.8,7,-5.38,1,0.0912,0.168,0.000357,0.142,0.891,92.541,4
spotify:track:1Bs4W0jOXzBVm56NQdk3J4,"They Don't Care About Us","They Don't Care About Us","Matty Carter + Ariel",2018-10-05,198725,52,false,,2023-01-30T12:42:21Z,"","MC&A Entertainment",0.459,0.76,2,-5.616,1,0.37,0.222,0.0000994,0.0705,0.482,60.509,3
spotify:track:6vtFhlZIKEuzTEJxAf0m7a,"Bonfire","From the Start","Club Roulette",2021-11-26,208999,33,false,,2023-01-30T02:45:13Z,"","Spotlight Music Group",0.557,0.678,11,-5.248,0,0.0368,0.0337,0,0.339,0.668,84.005,4
spotify:track:4vAze2mrHQgy44qRuz1rCm,"Numb The Pain","Numb The Pain","Clarx;Anikdote;Shiah Maisel;Catas;Le Malls;CHENDA",2021-09-28,153088,1,false,,2023-01-30T02:45:05Z,"фьюче-хаус,фьюче-бейс,мелодичный бэйс,электрохаус","NCS",0.55,0.859,8,-7.073,1,0.112,0.0395,0,0.346,0.46,136.093,4
spotify:track:6U8OunNdqjWHh6zZzTjiBF,"Dear God","Dear God","Confetti",2018-09-28,202257,0,true,,2023-01-29T15:15:03Z,"","Snafu Records",0.642,0.796,11,-4.26,0,0.171,0.0646,0,0.0901,0.46,94.157,4
spotify:track:3BuLtAmXKy5uQYl4ED1zBT,"Weak","The Click","AJR",2017-06-30,201159,62,false,,2023-01-22T22:32:23Z,"","Black Butter",0.673,0.637,5,-4.518,1,0.0429,0.137,0,0.184,0.678,123.98,4
spotify:track:2I2AqFb0f9UNnolWc2MafC,"Bang!","OK ORCHESTRA","AJR",2021-03-26,170879,62,false,,2023-01-22T21:28:06Z,"","Black Butter",0.736,0.526,1,-6.462,0,0.0566,0.0153,0,0.0628,0.654,139.84,4
spotify:track:4Xn89qH8uKOumgvAGSvY3U,"Stay","Solace","iamjakehill",2018-04-15,185070,56,true,,2023-01-21T15:48:25Z,"эмо-рэп","Create Capital",0.634,0.658,7,-8.537,0,0.314,0.814,0,0.134,0.86,166.05,4
spotify:track:5KGEBNZ9IpMFZy1DSRf5QX,"The End","Concepts","2 Man Embassy;Perrin Xthona",2021-09-02,208551,25,false,,2023-01-20T21:00:24Z,"дарк-R&B","Lowly",0.74,0.441,11,-13.477,1,0.178,0.264,0.000659,0.116,0.727,144.915,1
spotify:track:25R4HkFnzQvgMA6XOJuh4K,"Houndin","Houndin","Layto",2020-01-07,195909,0,true,,2023-01-18T19:37:11Z,"дарк-R&B","Oliver Twist Records",0.737,0.456,0,-9.791,1,0.0817,0.0306,0,0.0863,0.42,132.875,4
spotify:track:7juRT2OnZvXW8irziSULlU,"Never Ending","Never Ending","Lvne;EE",2020-07-14,141538,48,false,,2023-01-18T19:32:51Z,"","Beyond Rec",0.684,0.52,3,-11.36,1,0.273,0.237,0.0000347,0.83,0.454,117.122,4
spotify:track:5amAJIEdIVtWYEi4wGp7Fn,"City of Angels","City of Angels","Em Beihold",2020-08-14,194308,0,false,,2023-01-18T13:06:43Z,"","FRTYFVE",0.684,0.371,4,-7.248,1,0.0436,0.791,0,0.316,0.338,75.018,4
spotify:track:6mJZmgCWxPkTrsErzgboWM,"i think i saw a ghost","nostalgic nightmares","One Hope",2021-12-08,175652,42,false,,2023-01-15T18:20:58Z,"","760859 Records DK2",0.811,0.372,7,-11.65,1,0.469,0.148,0.0000017,0.0647,0.443,138.048,4
spotify:track:0JGPAHZ3fPASLIxBu4UKn8,"Ти сказала кохаєш","Ти сказала кохаєш","SKRYAGA",2022-09-23,130000,7,false,,2023-01-14T00:29:38Z,"","Skryaga",0.742,0.531,8,-5.595,0,0.187,0.486,0.0000378,0.111,0.571,95.952,4
spotify:track:6FmpBDrbKW6T0spUMFTgDC,"Roses Are Red (Violets Are Blue)","Roses Are Red","Jon Caryl",2020-09-25,212392,0,false,,2023-01-14T00:05:28Z,"","FRTYFVE",0.446,0.287,6,-9.653,1,0.0505,0.48,0,0.304,0.208,177.668,3
spotify:track:2qxmye6gAegTMjLKEBoR3d,"Let Me Down Slowly","Narrated For You","Alec Benjamin",2018-11-16,169353,85,false,,2023-01-13T20:53:05Z,"","2018",0.652,0.557,1,-5.714,0,0.0318,0.74,0,0.124,0.483,150.073,4
spotify:track:68EkhVWIeULhHxcbi1QhzK,"World's Smallest Violin","OK ORCHESTRA","AJR",2021-03-26,180742,71,true,,2023-01-12T19:51:22Z,"","Black Butter",0.68,0.697,5,-7.01,1,0.0484,0.121,0,0.661,0.684,116.033,4
spotify:track:5Xsh6OAQNRJrjYWdaWUuEN,"Rule the World","Modern Alchemy","Zayde Wølf",2018-06-08,192600,0,false,,2023-01-09T15:16:37Z,"","Morning Routine Collective LLC and Lyric House LLC",0.55,0.883,2,-5.964,1,0.0934,0.00715,0,0.0924,0.417,149.991,3
spotify:track:2DgdHcjWmO3qd50RzuBLgZ,"House of Memories","Death of a Bachelor","Panic! At The Disco",2016-01-15,208706,84,false,,2023-01-09T14:43:20Z,"змо","Decaydance/Fueled By Ramen",0.506,0.817,11,-5.051,0,0.0335,0.00272,0,0.0486,0.506,109.952,4
spotify:track:322F7GxsKWwpo3Za2cHAHD,"End Of The End (feat. Krigarè)","End Of The End (feat. Krigarè)","Blastoyz;Reality Test;UNSECRET;Krigarè",2022-11-04,220869,0,false,,2023-01-06T22:41:57Z,"психоделик-транс,транс,прогрессивный транс,хардстайл","Ophelia",0.577,0.96,2,-4.18,0,0.0835,0.00756,0.0107,0.128,0.233,103.494,3
spotify:track:6Rq6CVzxpnPwmbjhFRAnZx,"Lost - Nightcore","Lost (Nightcore)","ZeroMizKun Nightcore;Cherry 葵 Nightcore;Empty Trail",2022-12-30,207662,18,false,,2023-01-06T00:09:57Z,"найткор","Mysticsima Records",0.259,0.931,5,-2.654,0,0.19,0.00688,0.00000556,0.116,0.372,162.433,4
spotify:track:6UnOxNp0jZfFXyKcAtJwUj,"Masquerade","Masquerade","Stellar",2022-01-28,136000,58,false,,2023-01-05T16:42:07Z,"","Stellar",0.544,0.817,8,-3.349,1,0.0464,0.0353,0,0.0749,0.47,179.986,4
spotify:track:3Pj6u2KTgepyyidp5xfbHp,"Ashes","Ashes","Stellar",2020-05-03,166355,73,true,,2023-01-05T14:16:16Z,"","Arista Records",0.712,0.568,5,-7.864,0,0.0546,0.0947,0,0.169,0.46,130.019,4
spotify:track:0DpYjuN4XMdki3EYd3ehVu,"under my sleeve","pastel party","One Hope",2020-12-16,191304,45,false,,2023-01-05T00:14:40Z,"","Dead Pants",0.736,0.454,9,-11.34,0,0.435,0.305,0,0.124,0.443,138.072,4
spotify:track:0lrkKaRKobXWnGbvZA8iWW,"Beauty","Beauty","Layto",2019-11-30,147401,0,false,,2023-01-04T00:26:24Z,"дарк-R&B","Oliver Twist Records",0.581,0.339,1,-9.765,0,0.0377,0.0766,0,0.111,0.147,75.002,4
spotify:track:5MxLy1RM6bGy1TK1eba4Ts,"Dizzy","The Darker The Weather // The Better The Man","MISSIO",2019-04-12,209355,54,false,,2023-01-03T23:07:40Z,"","RCA Records Label",0.555,0.475,5,-6.6,0,0.0323,0.0137,0.0000133,0.0853,0.432,62.488,3
spotify:track:6Fro6pIuFmFKOcG3qwokxv,"Miracle","Night Terrors","Elusiv3;The Score",2022-04-01,267090,14,true,,2023-01-03T22:59:09Z,"","Elusiv3 Records",0.615,0.757,10,-7.034,1,0.0327,0.0829,0.000131,0.145,0.469,136.009,4
spotify:track:1kd5qplldnxu16qcZXS3Yk,"For the Glory","Machines","All Good Things",2017-10-20,279308,3,false,,2023-01-03T22:18:08Z,"","Better Noise Records",0.485,0.892,2,-3.586,0,0.0809,0.000443,0,0.1,0.576,142.046,4
spotify:track:6xJ346fhznUBsuekeNb63U,"Play Dirty","Play Dirty","Kevin McAllister;[SEBELL]",2019-05-14,181795,0,false,,2023-01-03T00:56:53Z,"","Pearl Snap Music",0.581,0.575,11,-5.767,0,0.0367,0.206,0,0.441,0.238,142.059,4
spotify:track:45uwWuhL7nNamSKw3DnpQl,"Fever","Fever","heylucas;Nina Carr",2021-06-15,173411,62,false,,2023-01-02T01:46:33Z,"тропикал-хаус","Beyond Rec",0.61,0.554,2,-8.301,0,0.13,0.428,0.000322,0.157,0.231,106.818,4
spotify:track:5bQqkBDFptj1oNKoVDVsGI,"1975","Paranoid Optimist","Silent Child",2022-05-06,131199,44,true,,2023-01-01T18:11:36Z,"","Monstercat",0.625,0.67,5,-3.396,0,0.247,0.00913,0.00000204,0.0573,0.949,74.949,4
spotify:track:3pAUEs5pVQwmchecHov853,"Jump","Tortured Thoughts","Silent Child;PatrickReza",2021-04-02,163582,42,true,,2023-01-01T02:16:03Z,"","CloudKid",0.547,0.577,11,-6.988,0,0.0528,0.112,0.000863,0.355,0.291,133.734,4
spotify:track:01UeBfllW39eaKdiCw556R,"Out Of My Mind","Out Of My Mind","Gentrammel",2020-06-10,173846,0,true,,2023-01-01T02:15:58Z,"","Promoting Sounds / Gentrammel under exclusive license to Amuseio AB",0.61,0.609,9,-7.197,1,0.0373,0.664,0,0.61,0.664,78.015,4
spotify:track:3p94RpSxQdZocUfrzpemmm,"El Dorado","El Dorado","Stellar",2021-02-19,136000,67,true,,2023-01-01T02:15:42Z,"","Greater Boston Records",0.744,0.714,9,-6.09,1,0.0333,0.132,0,0.262,0.614,119.964,4
spotify:track:283DCOia9iUg56NcEQkJtb,"Now That We're Alone","Tunnels","The People's Thieves",2021-08-20,288586,0,false,,2023-01-01T02:15:32Z,"","Black Sheep Music",0.616,0.567,0,-8.398,1,0.148,0.541,0.0000113,0.159,0.477,179.927,4
spotify:track:2fCIRvMUYIYLRegqIU5lH7,"Cloud9 - Nightcore","Cloud9 (Nightcore)","Cherry 葵 Nightcore;MYTCH",2022-01-30,180902,25,false,,2022-12-31T01:51:17Z,"найткор,дарк-R&B","Cherry 葵",0.504,0.939,8,-2.393,1,0.116,0.021,0,0.237,0.445,172.819,4
spotify:track:6wpHA5zGiYI0YgyIblPTec,"My Gravity - Nightcore","My Gravity","Cherry 葵 Nightcore;Endgame",2022-11-18,194298,7,false,,2022-12-31T01:51:09Z,"найткор","Cherry 葵",0.32,0.882,7,-5.872,1,0.0902,0.00128,0,0.33,0.335,92.791,4
spotify:track:5ZJDul8J9GgG5bfuEWbJtR,"Perception - Nightcore","Perception","Cherry 葵 Nightcore;ZeroMizKun Nightcore;We Are The Empty",2022-11-25,236909,8,false,,2022-12-31T01:51:04Z,"найткор","Cherry 葵",0.323,0.961,11,-4.624,0,0.117,0.000123,0.201,0.288,0.122,163.128,4
spotify:track:1fk1iGcSdEEbrBK0WXVP10,"Freak Like Me - Nightcore","Freak Like Me (Nightcore)","Cherry 葵 Nightcore;ZeroMizKun Nightcore;Onlap",2022-05-27,123039,25,false,,2022-12-31T01:50:30Z,"найткор","Cherry 葵",0.365,0.948,4,-4.096,0,0.159,0.00032,0.000313,0.145,0.398,199.418,4
spotify:track:5DrkjoeIAbvOlXRN6FzDsq,"Who We Are - Nightcore","Who We Are","Cherry 葵 Nightcore;ZeroMizKun Nightcore;Onlap",2022-12-02,157578,10,false,,2022-12-31T01:50:21Z,"найткор","Cherry 葵",0.451,0.919,4,-3.982,0,0.0446,0.000697,0.0000827,0.264,0.338,101.686,4
spotify:track:42cZh47bEfnPJlhiIAG4mn,"My Demons - Nightcore","My Demons (Nightcore)","Cherry 葵 Nightcore;ZeroMizKun Nightcore;Onlap;We Are The Empty;Youth Never Dies",2022-04-08,164032,48,false,,2022-12-31T01:50:09Z,"найткор","Cherry 葵",0.498,0.807,3,-5.889,0,0.0423,0.0207,0,0.295,0.62,100.298,4
spotify:track:37mU3sAIRyWUzlIc0MxUjU,"Off Track - Nightcore","Off Track (Nightcore)","Cherry 葵 Nightcore;Nick Eyra",2022-12-16,168973,8,false,,2022-12-31T01:50:00Z,"найткор","Cherry 葵",0.492,0.756,11,-6.509,0,0.0471,0.292,0.000325,0.233,0.274,103.761,4
spotify:track:7484E6x2T7Zub9RR1Rurgt,"Пізно","Пізно","Tember Blanche",2022-12-30,206222,14,false,,2022-12-31T01:46:15Z,"","Tember Blanche",0.515,0.164,6,-14.056,0,0.0344,0.889,0.00199,0.126,0.149,134.955,4
spotify:track:0zlGXKzJOZPPJDwOBCpmG3,"These Streets","Face In The Dark","City Wolf",2019-11-08,203711,0,false,,2022-12-22T19:08:16Z,"","Riptide",0.461,0.929,5,-2.42,0,0.226,0.00228,0,0.363,0.576,165.308,4
spotify:track:30Oov7gRd5dvkILSI7Rrwf,"I Wasn't Born To Behave","I Wasn't Born To Behave","Black Hydra;City Wolf;Easy Mccoy",2021-02-01,225633,34,false,,2022-12-22T13:50:23Z,"","1767302 Records DK",0.448,0.827,0,-6.733,1,0.121,0.0145,0,0.105,0.299,142.325,4
spotify:track:5uEuQcdrZkxZAXbVBXhIwg,"Call","Never Grow Up","CHANMINA",2019-08-07,179906,57,false,,2022-12-21T22:44:22Z,"j-pop,j-rap","WM Japan",0.746,0.693,8,-5.653,1,0.0466,0.0201,0,0.148,0.219,101.029,4
spotify:track:0gcTaw7aYWnAKsgIYJsvAt,"Don't go (feat. ASH ISLAND)","Don't go (feat. ASH ISLAND)","CHANMINA;ASH ISLAND",2022-09-23,157773,42,false,,2022-12-21T21:20:36Z,"j-pop,j-rap,корейский рэп","WM Korea",0.654,0.781,11,-4.612,0,0.146,0.0433,0,0.296,0.365,173.951,4
spotify:track:7L72EQGrKTteP3IjLHNdFJ,"Best Friend (feat. Doja Cat, Jamie & CHANMINA) [Remix]","Best Friend (feat. Doja Cat) [Remix EP] [Extended Edition]","Saweetie;JAMIE;CHANMINA;Doja Cat",2021-04-23,206000,51,true,,2022-12-21T21:03:33Z,"корейский рэп,j-pop,j-rap","ICY/Warner Records",0.842,0.807,1,-3.59,0,0.134,0.0052,0.00000106,0.0613,0.441,93.996,4
spotify:track:2qCwjPxyVil3B9q89judKW,"Head in Her Heart","Head in Her Heart","Nico Collins",2019-08-23,208018,46,false,,2022-12-21T15:38:25Z,"найткор","Nico Collins",0.491,0.85,10,-3.424,1,0.0641,0.0433,0,0.122,0.598,172.194,4
spotify:track:5gkPU7QgDL7ZAFy9hoGHhZ,"Bitter Sorrel","Bitter Sorrel","NBSPLV",2022-11-02,133333,15,false,,2022-12-10T19:35:08Z,"","NBSPLV",0.687,0.502,11,-9.342,0,0.0292,0.119,0.917,0.147,0.651,89.972,4
spotify:track:6dGqGkYDoRrKh5UiIcTT22,"Understand","Serotonin Dreams","BoyWithUke",2022-05-06,171946,69,true,,2022-12-10T11:54:35Z,"","Republic Records",0.828,0.658,6,-6.19,0,0.14,0.81,0.00000106,0.277,0.917,103.051,4
spotify:track:4Oih3RDrSFg3afaOphBVuy,"What Could Have Been feat. Ray Chen (from the series Arcane League of Legends)","Arcane League of Legends (Soundtrack from the Animated Series)","Sting;Ray Chen",2021-11-20,213474,0,false,,2022-12-06T22:24:15Z,"софт-рок,концерт","Riot Games",0.417,0.288,5,-8.896,0,0.0391,0.579,0.000968,0.0795,0.158,110.251,3
spotify:track:2JkKcyAOm3PU2MMWHCr8eW,"Englishman In New York - Ben Liebrand Mix","...Nothing Like The Sun (Expanded Edition)","Sting;Ben Liebrand",2022-10-13,372733,22,false,,2022-12-06T17:10:11Z,"софт-рок","A&M",0.623,0.744,11,-14.851,0,0.0428,0.0543,0.0367,0.0785,0.669,102.06,4
spotify:track:6V0U2tkc00qPyFMvX5AIK5,"The Last Ship - Reprise","The Last Ship (Super Deluxe)","Sting",2013-01-01,199573,11,false,,2022-12-06T17:07:01Z,"софт-рок","A&M",0.373,0.5,4,-10.383,0,0.0521,0.847,0,0.1,0.373,88.233,1
spotify:track:0n0NNaHwAvYpWdTJyGxrnS,"Cradles","Cradles","Besomorph",2019-10-25,138000,40,false,,2022-12-05T19:04:44Z,"слэп-хаус","CloudKid",0.505,0.642,1,-8.177,1,0.196,0.379,0.0000197,0.113,0.461,80.013,4
spotify:track:4U7G8dgUodMEVSv96QRcDb,"No Friends","No Friends","CADMIUM;Rosendale",2020-03-06,235049,60,false,,2022-12-03T17:56:18Z,"","Cadmium",0.771,0.644,4,-7.746,1,0.0337,0.522,0.00000713,0.076,0.831,145.029,4
spotify:track:3yZuIZOZCBImbR0SKTkj7S,"Beautiful","Beautiful","Lvne",2020-12-08,177611,40,false,,2022-12-03T13:56:24Z,"","Beyond Rec",0.731,0.683,7,-10.692,1,0.181,0.206,0.082,0.556,0.156,122.982,4
spotify:track:5Td1rzmydk6idPOf5Z1Diq,"Liar (Dark Version)","Liar (Dark Version)","Jake Daniels",2022-11-21,162240,29,true,,2022-11-27T19:57:53Z,"дарк-R&B","CloudKid",0.692,0.661,11,-6.869,0,0.042,0.354,0,0.0844,0.626,124.967,4
spotify:track:1qzXn13hcfDCbE6jEatEHF,"Doctor","Hurricane","Truslow",2014-07-08,224626,41,false,,2022-11-16T20:07:55Z,"христианский рок","Truslow",0.619,0.799,7,-4.457,1,0.0416,0.0456,0,0.183,0.26,136.058,4
spotify:track:2OCA4JgIosGxYe9jlzApzm,"King","Everything Is Never As It Seems","Foreign Figures",2019-09-20,177273,50,false,,2022-11-12T18:46:18Z,"","Dark Matter Records",0.657,0.515,4,-6.851,0,0.0344,0.0624,0.00619,0.0893,0.197,120.013,4
spotify:track:5us4N1IjxCnXjgckrHpJwh,"Only Now","Only Now","Nikonn;Melllo",2020-03-12,224409,24,false,,2022-11-12T13:31:06Z,"lo-fi-инди,синти-поп","Nikonn",0.735,0.751,0,-10.123,1,0.0364,0.161,0.671,0.0926,0.547,116.992,4
spotify:track:5NmocsugWj46q9PKesF18r,"Maj","Maj","Zbyszek Adamek;Lucas Flint",2021-12-03,221013,0,false,,2022-11-12T13:17:24Z,"","Zbigniew Adamek",0.437,0.642,9,-8.209,0,0.0527,0.332,0,0.594,0.663,180.036,4
spotify:track:3gBOsMwWNPVyZnkvx84bme,"k (all i got to say)","perpetuum mobile pt. 2","NUVILICES",2021-03-19,148153,46,true,,2022-11-09T10:06:48Z,"дарк-R&B","CloudKid",0.728,0.593,5,-6.582,0,0.0529,0.00865,0,0.0905,0.53,129.992,4
spotify:track:3GN4qe6CrarjGTZU2DdpEe,"Liar","Liar","Jake Daniels",2021-09-15,158400,47,true,,2022-11-08T10:35:12Z,"дарк-R&B","CloudKid",0.749,0.823,11,-4.591,0,0.0326,0.0197,0,0.0736,0.643,125.009,4
spotify:track:7pypWb7YVqdozw2DFnLl5b,"Two Face","Two Face","Jake Daniels",2020-06-26,154285,47,false,,2022-11-08T10:35:03Z,"дарк-R&B","CloudKid",0.858,0.368,0,-8.216,0,0.0757,0.761,0.00246,0.195,0.348,140,4
spotify:track:5QlOIcPMMw5Mlj8BqAvlzG,"Legacy","Sirens + Light","Lost Stars",2019-07-05,223522,0,false,,2022-11-07T11:54:25Z,"","Malnar Music Publishing",0.862,0.649,11,-5.751,0,0.0867,0.178,0,0.084,0.742,121.997,4
spotify:track:0BVwUg0kBNy6V4xtdDMA5e,"SWEET TALK","ALINEA","Poe the Passenger",2022-08-29,206400,42,false,,2022-11-07T11:51:18Z,"","Poe the Passenger",0.625,0.781,6,-6.666,0,0.0401,0.0219,0,0.0669,0.529,100,4
spotify:track:4DZ1owekDuxYANUMiqe4mA,"Rob A Bank","Rob A Bank","Confetti",2019-09-06,173684,57,true,,2022-11-07T08:50:58Z,"","CloudKid",0.647,0.815,1,-3.87,0,0.26,0.00598,0,0.0955,0.59,152.154,4
spotify:track:62rXTgGmOsUBiIr10BHlTw,"The Otherside","The Otherside","Jake Daniels",2022-10-14,159473,45,false,,2022-11-05T20:02:39Z,"дарк-R&B","CloudKid",0.449,0.552,9,-6.233,0,0.0358,0.345,0,0.102,0.319,76.513,4
spotify:track:0u0HCSrpWI6vyK3T4WmS4z,"Cold War","Overzealous - EP","Foreign Figures",2018-09-20,169389,0,false,,2022-11-05T19:07:58Z,"","Foreign Figures, LLC",0.67,0.483,9,-7.124,0,0.125,0.213,0,0.055,0.77,170.115,4
spotify:track:5yxzWyquGFZOQVyKH56ah7,"Reaper","Reaper","Silverberg;J.Pollock",2019-11-15,214500,45,false,,2022-11-05T18:18:01Z,"","River Wild",0.518,0.748,3,-7.818,1,0.0405,0.0711,0.000215,0.387,0.429,80.002,4
spotify:track:7Ja6kif9xwsABN7zsVnomn,"Immortal","Immortal","Stileto;Silent Child",2022-08-05,146879,43,false,,2022-11-05T18:12:07Z,"","CloudKid",0.522,0.637,6,-3.132,0,0.0526,0.0361,0.0000142,0.136,0.298,85.1,4
spotify:track:3IkEM7cjZ8FZtmVFq1q03c,"Sirens","Mercury - Acts 1 & 2","Imagine Dragons",2022-07-01,155312,53,false,,2022-11-05T18:09:40Z,"","Kid Ina Korner / Interscope",0.67,0.671,11,-6.488,0,0.0363,0.0557,0.00844,0.11,0.363,98.965,4
spotify:track:31QWsK50HSWumADJjOEXHr,"On The Rocks","On The Rocks","Ryan Vera;Letdown.",2021-08-30,167105,41,false,,2022-11-02T22:45:42Z,"","Ryan Vera Records",0.706,0.681,0,-3.307,1,0.11,0.63,0,0.372,0.606,94.938,4
spotify:track:5UlnuulVAVmmesw4VzqHdG,"Enemy - From the series Arcane League of Legends","Enemy (from the series Arcane League of Legends)","Imagine Dragons;Arcane;League of Legends",2021-10-27,173381,73,false,,2022-11-02T18:45:28Z,"киномузыка","KIDinaKORNER/Interscope Records",0.722,0.745,7,-4.164,1,0.256,0.247,0,0.419,0.52,77.029,4
spotify:track:424GDxARRXRaZ7Mla9EDI2,"The Mystic","The Mystic","Adam Jensen",2016-11-04,189600,60,false,,2022-11-02T18:18:52Z,"","Nettwerk Music Group",0.556,0.72,4,-5.132,0,0.0415,0.358,0,0.146,0.405,125.324,4
spotify:track:6fNoNwlpGyx5LoKEl7vx8E,"I'm Not A Rockstar","I'm Not A Rockstar","EJ Michels;Foreign Figures",2021-03-05,154527,0,false,,2022-11-02T16:53:20Z,"","Foreign Figures",0.812,0.527,9,-5.218,0,0.0293,0.0425,0.000202,0.131,0.729,108.002,4
spotify:track:3qFz4Yl3L2USyP7EfbVFQy,"Two Face (Dark Version)","Two Face (Dark Version)","Jake Daniels",2022-02-28,155428,51,false,,2022-11-01T16:20:11Z,"дарк-R&B","CloudKid",0.67,0.62,0,-5.436,0,0.0409,0.495,0.0303,0.16,0.167,139.986,4
spotify:track:672h5dJCAAHaCHSe9FoAG9,"New Bad Habit","New Bad Habit","Adam Jensen",2021-09-24,126004,44,true,,2022-11-01T11:44:25Z,"","Nettwerk Music Group",0.577,0.683,5,-5.873,1,0.0514,0.0638,0.00000104,0.194,0.745,155.046,4
spotify:track:7GFeKobpFEF8PmecVHgJ3X,"2 дні","2 дні","LAUD",2019-02-08,170455,0,false,,2022-10-22T23:25:17Z,"","Stefania Records",0.523,0.449,9,-6.479,0,0.144,0.361,0,0.0837,0.196,134.304,4
spotify:track:7o3RiKBfjkrc061WxeF7dM,"VOLIA","VOLIA","Han Beyli",2022-09-09,157666,0,false,,2022-10-12T10:48:24Z,"","HanBeyliMUSIC",0.805,0.753,4,-6.935,0,0.0938,0.0576,0.0389,0.182,0.289,102.981,4
spotify:track:5TYebRn9GKPxVCbv4Nipz6,"Там","Там","DRUZ",2022-05-03,213769,0,false,,2022-10-12T10:44:59Z,"","3902896 Records DK",0.702,0.518,11,-7.314,0,0.141,0.0632,0,0.576,0.0597,127.856,4
spotify:track:7DenSZUC3nn1Bk5Edhh28y,"PSW","PSW","DRUZ",2022-08-20,165133,4,false,,2022-10-12T10:44:33Z,"","Friendly World rec.",0.718,0.835,10,-4.638,0,0.114,0.0914,0,0.3,0.355,107.934,4
spotify:track:36lKmG5LPJGe6KWy8osyt0,"Тато","Тато","TRAVINSKIY",2022-09-30,200000,12,false,,2022-10-12T10:44:11Z,"","TRAVINSKIY",0.642,0.185,2,-13.088,0,0.0533,0.901,0,0.125,0.293,119.844,4
spotify:track:0VmJwfBM60uYvzpC7Hru7d,"Дзвін","Дзвін","SKYLERR;Sanaria",2022-09-30,132688,0,false,,2022-10-12T10:43:55Z,"","Naprocente music",0.738,0.654,5,-8.05,0,0.189,0.616,0.000002,0.103,0.492,95.068,4
spotify:track:6gtNGwRMaM2qHE72fSDeEM,"Сад","Сад","МОНТЕҐ",2022-08-30,315367,1,false,,2022-09-27T08:34:18Z,"","Plan",0.449,0.673,10,-9.031,1,0.0678,0.0303,0.00000251,0.436,0.255,139.8,4
spotify:track:5D1gVIE1OxBBNrT0lNDGXs,"Розганяю тьму","Труднощі перекладу","Лилу45",2022-08-30,146000,25,false,,2022-09-26T18:49:30Z,"","Money Gun",0.592,0.595,6,-6.455,0,0.18,0.506,0.00688,0.0684,0.263,160.081,4
spotify:track:4Dvty3QqzcmPFQZInoFDCu,"Одне одного","Одне одного","ЯВА",2022-09-09,262400,0,false,,2022-09-26T18:19:16Z,"","Ява",0.443,0.666,7,-8.014,0,0.0345,0.0523,0,0.0768,0.318,150.042,4
spotify:track:4ZteqL1MAvG1NaUkc1IahD,"Пару Ракет","Пару Ракет","Загреб",2022-09-09,233478,25,false,,2022-09-26T18:11:59Z,"постпанк","Загреб",0.612,0.778,0,-8.532,0,0.0361,0.584,0.957,0.104,0.394,137.966,4
spotify:track:5xzJsJgjfNm5GgAvvjHt2h,"Материки","Материки","Ann Kovtun",2022-09-09,172602,6,false,,2022-09-26T10:47:20Z,"","BEST MUSIC",0.307,0.145,9,-14.084,0,0.0523,0.905,0,0.115,0.237,75.144,4
spotify:track:1iITUmoUlgCcVqooyrstyl,"Очі","Очі","YATSUTA",2022-09-09,182880,0,false,,2022-09-25T19:34:02Z,"","BEST MUSIC",0.638,0.604,8,-7.713,0,0.0547,0.109,0.0000398,0.12,0.138,105.049,4
spotify:track:7512C3u5caeHGpWoQvBtKu,"Колискова","Колискова","Dima PROKOPOV",2022-09-09,170800,0,false,,2022-09-25T19:01:17Z,"","MOЗGI Entertainment",0.641,0.787,2,-5.366,0,0.0498,0.477,0,0.242,0.467,150.052,4
spotify:track:6lcEOOEeYI2K5MOqi0hTpy,"Поки ніхто не бачить","Поки ніхто не бачить","макс пташник",2018-08-02,221963,40,false,,2022-09-24T18:55:37Z,"","BEST MUSIC",0.635,0.621,7,-7.379,0,0.0352,0.382,0.032,0.116,0.457,79.993,4
spotify:track:5IAKX7FoT1qD5lzZMgqGVA,"Ти мала не думала (feat. PAUCHEK) (feat. PAUCHEK)","HOTIN","KALUSH;Pauchek",2021-02-19,196056,18,false,,2022-09-13T15:38:04Z,"","Columbia Local",0.806,0.619,2,-6.683,1,0.0598,0.126,0.000373,0.145,0.184,142.044,4
spotify:track:7Cm5NF9dj91hgC6J9gfir5,"Єдність","Єдність","BADDPRODUCER;OTOY",2022-08-25,174222,0,true,,2022-09-11T09:35:57Z,"","BADDPRODUCER",0.704,0.581,6,-6.869,0,0.338,0.0766,0,0.105,0.507,134.627,4
spotify:track:3EuzM9JyKO385R729CRUx3,"Колискову","Колискову","Gorim!;Yuzvik",2022-08-19,201082,3,false,,2022-09-11T09:35:33Z,"","Gorim!",0.529,0.638,7,-8.249,1,0.241,0.594,0.000924,0.0883,0.439,172.021,4
spotify:track:4sLrYdr197y763pgetY53k,"Zozulia","Dai Boh","alyona alyona;Jerry Heil;Ginger Mane",2022-08-26,152210,34,false,,2022-09-02T10:57:08Z,"","Columbia Local",0.753,0.764,10,-6.207,0,0.102,0.126,0.000043,0.0683,0.474,95.003,4
spotify:track:44rdGi8sNndDE3GI6A1SeN,"Берег наш","Берег наш","ТНМК",2022-09-02,199714,18,false,,2022-09-02T10:56:56Z,"","TNMK",0.732,0.834,1,-5.891,1,0.133,0.128,0,0.259,0.389,88.008,4
spotify:track:5HoUydHcDI292DmjlpdQ7C,"Not A Refugee","Not A Refugee","Volodymyr Dantes",2022-09-02,159000,0,false,,2022-09-02T10:56:49Z,"","MOЗGI Entertainment",0.751,0.612,0,-6.756,1,0.0339,0.0114,0.000272,0.0863,0.743,132.092,4
spotify:track:6LvxsiJC02VxurPtASqIlo,"Сліди","Сліди","Схожа;Марний",2022-08-19,224432,8,false,,2022-08-31T08:00:31Z,"","Plan",0.569,0.613,9,-8.769,0,0.0342,0.3,0.136,0.0676,0.0639,92.489,4
spotify:track:3xoodywGdJ2onTg2ZBQyrK,"Dai Boh","Dai Boh","alyona alyona;Jerry Heil;Monika LIU",2022-08-26,171375,33,false,,2022-08-28T18:05:57Z,"","Columbia Local",0.809,0.579,7,-6.41,0,0.0653,0.258,0.00000106,0.0753,0.421,109.98,4
spotify:track:7JAgmBjhiC9XuNP9ulf3zQ,"Давай","Давай","Pakkitka",2022-08-19,150000,12,true,,2022-08-25T10:58:43Z,"","Pakkitka",0.572,0.964,0,-5.604,1,0.368,0.0634,0,0.634,0.403,149.966,4
spotify:track:1tcJjmi23ewWFC79YlisDB,"Please don't break my heart","Please don't break my heart","Pakkitka",2022-08-12,178285,2,false,,2022-08-13T14:31:43Z,"","Pakkitka",0.688,0.579,9,-10.016,1,0.0816,0.705,0.0000167,0.131,0.668,139.942,4
spotify:track:5a2yPhU4W3CpMSffU1LI1n,"Лісова Мавка","Лісова Мавка","Slyzexx",2022-07-25,163395,8,false,,2022-08-11T10:52:57Z,"","Slyzexx",0.72,0.793,4,-7.622,0,0.311,0.0501,0.00187,0.335,0.39,96.827,4
spotify:track:2q4m4pA7DXFXy7aefUbDPP,"РІДНА","РІДНА","BURLA",2022-07-29,159391,40,false,,2022-08-11T10:51:27Z,"","Plan",0.661,0.579,11,-8.414,1,0.761,0.53,0,0.173,0.156,110.163,4
spotify:track:0T5kY6xUwsOdZIZ1mGYWNL,"За нами перемога","За нами перемога","alyona alyona",2022-08-05,98823,11,false,,2022-08-11T10:50:23Z,"","Columbia Local",0.889,0.603,8,-7.847,1,0.063,0.505,0,0.132,0.144,102.014,4
spotify:track:03GKG0TVldKQGmSM8oZkP7,"Друже","Коли сонце сідає за схил","Лилу45",2022-07-29,200000,15,false,,2022-07-29T16:38:56Z,"","Money Gun",0.759,0.541,7,-10.139,1,0.0397,0.0983,0.0011,0.568,0.158,119.982,4
spotify:track:76W6mOeVQVjUksKf10wtgu,"Ты самый","Ты самый","KGIK",2022-06-03,236526,0,false,,2022-07-29T16:37:48Z,"христианский хип-хоп","Jesus's Music Label",0.869,0.562,1,-9.296,1,0.191,0.521,0,0.101,0.288,140.049,4
spotify:track:1vKBR1folj1WueJW4uPQQv,"Що то за любов","Що то за любов","KGIK",2022-06-17,210005,0,false,,2022-07-29T16:36:56Z,"христианский хип-хоп","Jesus's Music Label",0.926,0.309,3,-13.468,0,0.23,0.657,0,0.1,0.31,120.189,4
spotify:track:43IrOBFfih1spapfE2rFe7,"Ой Там На Горі","Ой Там На Горі","СЕРГІЙ ROMAN",2020-11-29,130144,3,false,,2022-07-19T15:39:55Z,"","Roman Production",0.599,0.557,4,-5.451,0,0.0322,0.0339,0.0000536,0.132,0.338,99.972,4
spotify:track:7h0J19fnfJSjUs3p2St3Hi,"Несе Галя Воду","Несе Галя Воду","СЕРГІЙ ROMAN",2020-08-09,114191,18,true,,2022-07-19T11:38:05Z,"","СЕРГІЙ ROMAN",0.799,0.558,11,-6.962,1,0.0642,0.247,0.00000636,0.104,0.303,123.991,4
spotify:track:2ni6cT0fC17B74lmnguKzG,"Пірнаю (feat. Станіславська)","Пірнаю (feat. Станіславська)","KALUSH;Станіславська",2021-03-26,179615,25,false,,2022-07-15T20:17:16Z,"","Columbia Local",0.778,0.595,8,-7.226,0,0.219,0.0855,0.000329,0.0904,0.493,155.944,4
spotify:track:5uq4fbzsAXICmmYi7TsIn1,"Де бога нема","Де бога нема","ЧАКІР",2022-06-17,149000,0,false,,2022-07-15T19:08:39Z,"","N.I. Music",0.862,0.516,0,-8.528,1,0.0907,0.529,0.000539,0.105,0.303,120.017,4
spotify:track:65FOp8zFzwiIABbI8HGBLN,"про Київ","про Київ","Tember Blanche",2022-07-15,212288,43,false,,2022-07-15T15:00:29Z,"","Lbly",0.824,0.622,6,-6.861,0,0.0417,0.347,0.0000209,0.193,0.578,118.005,4
spotify:track:4gsUPnxMKfRMSdE7YJ4jjc,"Як день посуне ніч","Як день посуне ніч","Tember Blanche",2020-12-17,198108,25,false,,2022-07-14T18:30:51Z,"","Lbly",0.395,0.49,1,-13.04,0,0.198,0.53,0.00000127,0.152,0.492,95.679,4
spotify:track:0urubGmXiODfWyGL6o6W4P,"Surviving The Game","Dominion","Skillet",2022-01-14,238870,56,false,,2022-07-11T20:34:47Z,"христианский рок,христианский альтернативный рок,христианская музыка","Atlantic Records",0.535,0.979,8,-3.593,1,0.0597,0.000666,0,0.084,0.432,103.996,4
spotify:track:7bKKOgmSJSH7849ijspIe7,"Destroyer","Dominion","Skillet",2022-01-14,222655,36,false,,2022-07-11T20:34:43Z,"христианский рок,христианский альтернативный рок,христианская музыка","Atlantic Records",0.566,0.971,2,-3.536,1,0.046,0.00778,0,0.276,0.416,101.978,4
spotify:track:2iXXc1pYKT13sldQdRhUTx,"Ignite","Dominion","Skillet",2022-01-14,221585,41,false,,2022-07-11T20:34:41Z,"христианский рок,христианский альтернативный рок,христианская музыка","Atlantic Records",0.575,0.964,0,-2.506,0,0.0728,0.00889,0,0.0895,0.463,111.963,4
spotify:track:7wFC7k4K12wUuoo74xFrA3,"Forever or the End","Dominion","Skillet",2022-01-14,212375,37,false,,2022-07-11T20:34:38Z,"христианский рок,христианский альтернативный рок,христианская музыка","Atlantic Records",0.433,0.685,0,-4.996,1,0.0322,0.119,0,0.0738,0.471,155.815,3
spotify:track:6dPL4saWVM6qhgvpxBJtZL,"Shout Your Freedom","Dominion","Skillet",2022-01-14,206182,40,false,,2022-07-11T20:34:37Z,"христианский рок,христианский альтернативный рок,христианская музыка","Atlantic Records",0.55,0.969,3,-3.851,1,0.0983,0.0429,0,0.116,0.369,140.06,4
spotify:track:08y95NOBjAM41gJfSqTogE,"Dominion","Dominion","Skillet",2022-01-14,231492,45,false,,2022-07-11T20:34:35Z,"христианский рок,христианский альтернативный рок,христианская музыка","Atlantic Records",0.407,0.99,11,-3.969,0,0.171,0.0306,0,0.0708,0.186,164.977,4
spotify:track:72DI6pnhy26WMx7fI1fL07,"Standing in the Storm","Dominion","Skillet",2022-01-14,257468,50,false,,2022-07-11T20:34:31Z,"христианский рок,христианский альтернативный рок,христианская музыка","Atlantic Records",0.575,0.957,10,-3.534,1,0.0969,0.00699,0,0.511,0.309,128.015,4
spotify:track:5O9Dz0h08LuBi0aVvDcylh,"The Resistance","Unleashed","Skillet",2016-08-05,232066,79,false,,2022-07-11T20:34:09Z,"христианский рок,христианский альтернативный рок,христианская музыка","Atlantic Records",0.483,0.941,2,-3.598,0,0.0575,0.000526,0.0000035,0.31,0.503,156.033,4
spotify:track:4CbKVDZkYKdv69I4bCaKUq,"Hero","Awake","Skillet",2009-08-21,186813,79,false,,2022-07-11T20:34:03Z,"христианский рок,христианский альтернативный рок,христианская музыка","Atlantic Records",0.533,0.967,1,-2.543,1,0.0995,0.00791,0,0.336,0.782,142.018,4
spotify:track:0i8JFpqe9cKwnrcvoNgl1L,"Feel Invincible","Unleashed","Skillet",2016-08-05,229933,77,false,,2022-07-11T20:33:56Z,"христианский рок,христианский альтернативный рок,христианская музыка","Atlantic Records",0.603,0.886,5,-3.777,0,0.0837,0.00045,0,0.26,0.395,126.025,4
spotify:track:2UREu1Y8CO4jXkbvqAtP7g,"Monster","Awake","Skillet",2009-08-21,178013,85,false,,2022-07-11T20:33:28Z,"христианский рок,христианский альтернативный рок,христианская музыка","Atlantic Records",0.64,0.957,8,-2.336,1,0.0741,0.0431,0,0.0789,0.692,134.992,4
spotify:track:6YBfMFnKA7C2Hamux3tYYg,"Там, де ти…","Там, де ти…","ХАС",2020-11-04,172002,0,false,,2022-07-09T17:52:59Z,"","ХАС",0.817,0.652,1,-8.575,0,0.0481,0.0614,0.00811,0.16,0.292,97.964,4
spotify:track:19JG6c49XPjJyH4oYG9C2v,"Rock&Roll","Rock&Roll","ХАС",2021-02-02,167247,0,false,,2022-07-09T17:52:50Z,"","ХАС",0.807,0.762,1,-6.271,1,0.159,0.0686,0,0.0628,0.489,132.976,4
spotify:track:2qTwp6KpY6tXk55PLqzhQr,"поруч","поруч","EDNY;ХАС",2021-06-11,197200,1,false,,2022-07-09T17:52:43Z,"","BEST MUSIC",0.694,0.633,0,-6.609,1,0.0424,0.145,0,0.247,0.27,80.019,4
spotify:track:3GAKiCfSzlg5oFnqFMCH45,"Вільні","Вільні","ХАС",2022-02-18,133894,0,false,,2022-07-09T17:52:33Z,"","ХАС",0.851,0.75,1,-4.437,1,0.0835,0.0542,0.0000109,0.069,0.706,95.05,4
spotify:track:706TC8tR2dZPEHQ0EmEojp,"Гей Гу! Гей Га!","Історія старого Лева","ХАС",2022-06-13,135613,0,true,,2022-07-09T17:52:24Z,"","ХАС",0.7,0.853,7,-7.592,1,0.307,0.329,0,0.271,0.866,168.054,4
spotify:track:1FUWxbCc3SZ12ERtGdfTfi,"Люлі Люлі","Історія старого Лева","ХАС",2022-06-13,175527,0,false,,2022-07-09T17:52:22Z,"","ХАС",0.867,0.629,11,-8.18,0,0.0681,0.187,0.000542,0.19,0.537,134.973,4
spotify:track:4CKJ2QmT898oDkgODNcElE,"Те що у серці є","Те що у серці є","VovaZiLvova;Morphom",2021-11-26,149387,0,false,,2022-07-09T17:51:40Z,"","Hitwonder",0.737,0.64,9,-7.557,0,0.242,0.356,0,0.0901,0.383,97.988,4
spotify:track:49U76Cpv2iV0h28tOuLa19,"Дорога додому","Дорога додому","Kostiuchenko;Morphom",2022-06-01,283636,0,false,,2022-07-09T17:50:40Z,"гиперпоп","Kostiuchenko & Morphom",0.74,0.486,8,-9.015,0,0.0312,0.00409,0.000637,0.113,0.365,109.96,4
spotify:track:21A2bkcfL3o20xJKHfiYk4,"Захищу своїм тілом","Захищу своїм тілом","Alice Change",2022-06-23,189580,7,false,,2022-07-09T17:49:38Z,"","Plan",0.532,0.247,2,-14.377,0,0.0389,0.95,0,0.154,0.0728,60.02,4
spotify:track:7hkM7Le6yPWS37vNZlgeJK,"Триматись своїх","Триматись своїх","Pianoбой",2022-06-30,160666,23,false,,2022-07-09T17:49:19Z,"","Д.Ы.Ш.У. records",0.568,0.86,0,-3.806,1,0.032,0.0428,0,0.131,0.529,90.024,4
spotify:track:5tsiOAcLfdqKE2NtpBqdku,"Падаю","Падаю","100лиця",2022-02-18,186824,19,false,,2022-07-09T17:48:28Z,"","Moon Vinyl s.r.o.",0.8,0.633,9,-8.291,0,0.318,0.533,0.00000166,0.148,0.655,145.027,4
spotify:track:2J7SsZEOxwDuXNBHDXsMHY,"Давай цілуватися під час сирени","Давай цілуватися під час сирени","SKRYAGA",2022-04-03,116129,19,false,,2022-07-05T22:50:29Z,"","SKRYAGA",0.702,0.593,2,-11.311,0,0.0551,0.493,0.0000208,0.425,0.548,93.104,4
spotify:track:18XiSEja7tZLTWSekrjs8v,"Зорі - твої очі","Зорі - твої очі","Pakkitka",2022-07-01,165818,12,false,,2022-07-03T22:32:37Z,"","Pakkitka",0.592,0.737,0,-7.794,1,0.109,0.178,0,0.0959,0.618,169.873,4
spotify:track:27Ae7kRyJX3X5H3JadeG9Q,"В п'янім танці","В п'янім танці","Pakkitka",2022-06-03,175500,23,true,,2022-07-03T22:32:19Z,"","Pakkitka",0.761,0.349,0,-12.518,1,0.069,0.642,0.0559,0.0871,0.698,123.992,4
spotify:track:3IUGCDWpGACXb8SZDqfR7O,"Ти тільки чекай мене","Ти тільки чекай мене","ba.latskii",2022-06-13,175471,22,false,,2022-07-01T20:57:21Z,"","ba.latskii",0.742,0.646,4,-7.476,0,0.0282,0.418,0.0022,0.307,0.285,105.993,4
spotify:track:17UktkqkHi3YcMMuMayQG6,"Виноградне листя","Виноградне листя","Схожа",2022-06-17,171428,9,false,,2022-07-01T20:57:08Z,"","Plan",0.613,0.61,10,-7.428,0,0.087,0.343,0,0.136,0.279,139.779,4
spotify:track:3jSfS5iVpCW5TjRoCJkDdU,"Там, під Львівським Замком","Історія старого Лева","ХАС",2022-06-13,159776,0,false,,2022-07-01T20:56:47Z,"","ХАС",0.741,0.497,11,-11.88,0,0.165,0.129,0.00298,0.148,0.623,150.025,4
spotify:track:3soSAbnGLuJeARGmegvMFJ,"I Don't Like Myself","Mercury - Acts 1 & 2","Imagine Dragons",2022-07-01,185495,55,false,,2022-07-01T20:56:22Z,"","Kid Ina Korner / Interscope",0.574,0.71,11,-4.84,0,0.0361,0.177,0,0.0867,0.6,172.88,4
spotify:track:2Rb2x5X9vHEPWvAOrLfgwl,"ветер Надежды","ветер Надежды","Volodymyr Dantes",2022-02-14,212369,0,false,,2022-07-01T20:36:40Z,"","MOЗGI Entertainment",0.487,0.584,2,-5.666,1,0.0253,0.00553,0.00000257,0.0667,0.3,91.03,4
spotify:track:4aNnH2lhFXxDD4Xq0skuRK,"Тільки ми","Тільки ми","Volodymyr Dantes",2022-06-28,154000,0,false,,2022-07-01T20:36:33Z,"","MOЗGI Entertainment",0.612,0.613,4,-6.676,1,0.105,0.0324,0,0.141,0.572,169.931,4
spotify:track:2StMst2O90NY4hftwsccST,"Насолоджуйся","Обіцянка кінця самотності","макс пташник",2018-08-02,315253,21,false,,2022-07-01T10:33:27Z,"","BEST MUSIC",0.675,0.656,11,-8.649,0,0.0891,0.306,0.278,0.0959,0.225,151.94,4
spotify:track:3SYOdeX5HanZ8I9fgY4TK2,"Чому?","Чому?","alyona alyona;Jerry Heil",2022-06-24,199636,29,false,,2022-06-24T07:43:15Z,"","Columbia Local",0.765,0.654,6,-6.831,0,0.0791,0.517,0,0.075,0.355,110.01,4
spotify:track:0TyUOnU4H4GLqOcrH0auc8,"Sharks","Sharks","Imagine Dragons",2022-06-24,190883,64,false,,2022-06-24T07:43:09Z,"","KIDinaKORNER/Interscope Records",0.927,0.642,10,-4.466,0,0.0657,0.00791,0.0000362,0.279,0.901,123.969,4
spotify:track:524YUY5XBqgLBkTYbYQX3J,"Ба","Ба","KOLA",2021-10-22,173142,0,false,,2022-06-20T21:33:38Z,"","BEST MUSIC",0.767,0.45,2,-6.611,0,0.0419,0.316,0,0.098,0.277,140.02,4
spotify:track:7y45COZzYdxFDhw8434A7n,"Не Твоя Війна","Не Твоя Війна","Zapovid",2022-05-27,272163,2,false,,2022-06-19T07:32:03Z,"","Zapovid",0.503,0.632,0,-3.504,0,0.0289,0.0648,0.000277,0.0996,0.343,89.952,4
spotify:track:7IRfUFRIarTp8a8Yxa83Nl,"Чи разом?","Чи разом?","KOLA",2022-06-07,158170,0,false,,2022-06-19T07:28:10Z,"","BEST MUSIC",0.678,0.616,1,-5.356,0,0.0926,0.38,0,0.353,0.228,122.99,4
spotify:track:7n2aptdfJcInitTH84WlFE,"Танцює зі смертю","Танцює зі смертю","Лилу45",2022-06-10,168750,12,true,,2022-06-19T07:24:58Z,"","Money Gun",0.817,0.618,7,-11.018,1,0.0462,0.0746,0.0000315,0.13,0.149,111.99,4
spotify:track:2KHVx9WUSWTzAXIzEyZh1l,"Моя самотнiсть","Обіцянка кінця самотності","макс пташник",2018-08-02,216454,4,false,,2022-06-15T18:43:55Z,"","BEST MUSIC",0.679,0.573,5,-8.351,1,0.0333,0.00139,0.454,0.16,0.231,99.965,4
spotify:track:1tY5svt6f7PIEw9YLYEKOa,"Воля","Обіцянка кінця самотності","макс пташник",2018-08-02,171418,6,false,,2022-06-15T18:37:55Z,"","BEST MUSIC",0.616,0.766,9,-6.739,1,0.0495,0.0174,0.00545,0.0985,0.657,155.947,4
spotify:track:0b9TXSKDMysYF7CyUIUMMC,"Знайди себе","Обіцянка кінця самотності","макс пташник",2018-08-02,188664,3,false,,2022-06-15T11:54:16Z,"","BEST MUSIC",0.751,0.65,7,-6.805,1,0.0409,0.00085,0.883,0.1,0.486,128.01,4
spotify:track:1n7AVWNbLx5OUhItzDTj4A,"#ПОШТА","#ПОШТА","Jerry Heil",2022-02-04,168214,0,false,,2022-06-15T10:26:16Z,"","Secret Service Digital & Publishing LTD",0.692,0.539,7,-6.065,0,0.0294,0.612,0.00000211,0.106,0.287,111.929,4
spotify:track:56jF8npKq23nZsxISzUODl,"Падаю","Падаю","XSERGO",2022-06-03,141639,0,false,,2022-06-12T12:43:03Z,"","Golden Tbilisi",0.752,0.128,6,-25.844,0,0.144,0.486,0,0.0895,0.0372,100.017,4
spotify:track:4qRAgPGt6fn2wgJhyF3pIs,"Бо Ти Моя Азовсталь","Бо ти моя Азовсталь","макс пташник;TARABAROVA",2022-05-27,130147,13,false,,2022-06-04T10:42:45Z,"","BEST MUSIC",0.639,0.438,11,-4.529,0,0.0307,0.767,0,0.237,0.226,123.92,4
spotify:track:5Uo4YXGwRrdQjQ63HiShhY,"У нашому місті","У нашому місті","Міша Крупін",2022-05-04,155999,36,false,,2022-05-30T09:19:15Z,"","Міша Крупін",0.669,0.585,4,-5.101,0,0.0627,0.0718,0,0.293,0.404,80.019,4
spotify:track:3vqxFf5w9hIrOiMxm9dhme,"Місто Марії","Місто Марії","Океан Ельзи",2022-05-10,259456,31,false,,2022-05-30T09:18:41Z,"","ТОВ "Суперсиметрія"",0.521,0.579,4,-10.392,0,0.031,0.016,0.0000196,0.087,0.175,113.988,4
spotify:track:3zjPljhB4VADNOvMuNKQVl,"Люлі Люлі","Люлі Люлі","ХАС",2022-05-19,177777,0,false,,2022-05-27T11:31:09Z,"","ХАС",0.879,0.688,11,-6.842,0,0.063,0.216,0.000304,0.13,0.567,134.965,4
spotify:track:0OXvMwQydzKQql8w39QpkP,"Я твоя зброя","Я твоя зброя","Христина Соловій",2022-05-06,205735,35,false,,2022-05-27T11:30:44Z,"","ТОВ Суперсиметрія",0.547,0.709,0,-4.988,0,0.0335,0.52,0.00000222,0.232,0.355,135.166,4
spotify:track:0dKX4AhsbGO6wVvboR52yn,"Dancer","Dancer","Vladimir Cauchemar;alyona alyona",2020-11-04,167031,40,true,,2022-05-12T20:27:03Z,"французский рэп","Universal Music Division Virgin Records",0.768,0.791,7,-6.171,0,0.0507,0.162,0.0362,0.283,0.304,122.941,4
spotify:track:1zwlBNIJN7QxjjNdLxxxqk,"Партизани","Партизани","ХАС",2022-04-08,192000,0,false,,2022-05-09T17:49:17Z,"","ХАС",0.77,0.711,4,-6.036,0,0.304,0.584,0.00104,0.152,0.207,170.03,4
spotify:track:3FaIlaTd0WzWPhrWGCL47M,"Я борюсь до кінця","Я борюсь до кінця","Omana",2022-04-20,156886,14,false,,2022-05-03T08:07:23Z,"","Omana",0.538,0.705,0,-5.167,1,0.197,0.00223,0.0004,0.086,0.728,180.048,4
spotify:track:08EivIJV2qqsScUV25vM4X,"Новий світ","Пригоди Сковороди в Сузір'ї Великого Пса","Omana",2016-11-24,165582,37,false,,2022-05-03T07:49:48Z,"","Omana",0.531,0.913,9,-3.291,1,0.0403,0.000371,0.00164,0.321,0.624,102.965,4
spotify:track:42JDRR8TSnNZS0hEsoT9RG,"I Am Ukrainian","I Am Ukrainian","Morphom;LAUD;OTOY",2022-04-22,172500,22,false,,2022-04-27T21:35:53Z,"","Morphom",0.489,0.827,9,-4.325,0,0.0477,0.167,0.000512,0.313,0.286,94.002,4
spotify:track:7uHFrsclJjAhONLcc8grZU,"Шукав тебе. Знайшов тебе","Шукав тебе. Знайшов тебе","VovaZiLvova;Morphom",2021-07-30,167999,0,false,,2022-04-27T21:35:37Z,"","Hitwonder",0.711,0.6,0,-10.639,1,0.141,0.419,0.00000133,0.0843,0.201,112.126,4
spotify:track:3Mjbm6sDVNdQBy4Su6qZ5p,"Сонце","Сонце","VovaZiLvova;Morphom",2021-03-01,183400,0,false,,2022-04-25T18:58:06Z,"","Hitwonder",0.756,0.705,0,-5.837,1,0.114,0.301,0,0.31,0.609,150.149,4
spotify:track:4Zw5HGAh9qOkZd22eQKY5x,"Геть, за забор","Геть, за забор","SKOFKA",2021-07-02,210615,0,true,,2022-04-18T12:39:22Z,"","Skofka",0.518,0.52,5,-10.978,0,0.625,0.432,0.0000429,0.0812,0.211,75.161,4
spotify:track:6RLVG4TRYSXUaGm94LTj7C,"Shadows of Forgotten Ancestors","Shadows of Forgotten Ancestors","Alina Pash",2022-02-04,173419,29,false,,2022-04-18T12:23:22Z,"","Bitanga Blood",0.403,0.554,7,-6.81,0,0.0521,0.136,0,0.114,0.248,79.169,4
spotify:track:4LKfJMumpW7HyBT05uXYUx,"Тримай","Жива вода","Христина Соловій",2015-09-22,208613,57,false,,2022-04-16T22:37:21Z,"","ТОВ "Суперсиметрія"",0.704,0.35,4,-7.413,0,0.0347,0.656,0,0.1,0.369,124.061,3
spotify:track:2ZTKahpKz315nRAFrES8EA,"Друг","Тут нема нікого, окрім нас","Tember Blanche",2021-11-26,201355,32,false,,2022-04-16T21:30:53Z,"","Lbly",0.842,0.404,0,-11.188,1,0.075,0.963,0.0000128,0.344,0.42,118.026,4
spotify:track:6D7YzCTKdyGSC8q9InNIVW,"51","51","макс пташник;Morphom",2021-11-05,162666,23,false,,2022-04-13T11:25:31Z,"","RAZOMM",0.68,0.516,2,-7.975,1,0.261,0.134,0,0.305,0.542,90.458,4
spotify:track:0opTztEdSDy2OpuIlqOU0N,"якби","якби","renie cares",2021-04-15,231733,0,false,,2022-04-13T11:10:22Z,"","renie cares",0.6,0.383,0,-11.159,0,0.0467,0.865,0.00365,0.0779,0.141,130.84,4
spotify:track:2vZ2U9NTbiJbLqGkKvjpIR,"You Drive My Four Wheel Coffin","Deviatve","The Unsleeping",2018-08-30,300480,0,true,,2022-04-06T17:00:53Z,"","The Unsleeping",0.626,0.667,9,-4.919,0,0.0426,0.0795,0,0.104,0.353,125.104,4
spotify:track:3vxfjCT0toa4xCJ8yIAq01,"Пролог","Тут нема нікого, окрім нас","Tember Blanche",2021-11-26,206896,28,false,,2022-04-04T18:44:52Z,"","Lbly",0.609,0.303,6,-14.052,0,0.0583,0.902,0.00000152,0.109,0.419,144.863,4
spotify:track:0fQ4uYwlzD6TYVobAoz8Qt,"Хвилi (feat. Jerry Heil)","Хвилi (feat. Jerry Heil)","KALUSH;Jerry Heil",2021-10-01,181415,37,false,,2022-04-03T16:11:49Z,"","Columbia Local",0.743,0.732,1,-4.666,0,0.0641,0.713,0,0.13,0.233,105.983,4
